Operation,Category,Perf Weight,Timing Weight,Absolute Alpha,Perf/Timing Ratio,Weight Tier,Zero FP,Alpha Min,Alpha Max,Alpha CV,Analytical Formula,Analytical FLOPs,Benchmark Code,Benchmark Size,Repeats,Perf Instructions (total),"Timing (ns, total)",Time per Analytical FLOP (ns),Baseline Alpha,Baseline Command,Baseline Perf Instructions,Baseline Timing (ns),Implementation URL,Notes
arccosh,Pointwise Unary,53.1311,3.2702,83.1008,16.2470,heavy,FALSE,82.6100,83.1237,0.0035,numel(output),10000000,"np.arccosh(x, out=_out)",n=10000000,5,"[4156187312, 4130501620, 4155044763]",260165816.0,5.2033,1.5641,"np.add(x, y, out=_out)",78203574.0,79555837.0,https://github.com/AIcrowd/mechestim/blob/main/src/mechestim/_pointwise.py#L269,Element-wise inverse hyperbolic cosine.
arcsinh,Pointwise Unary,50.8929,1.4167,79.6001,35.9236,heavy,FALSE,79.2823,79.6001,0.0023,numel(output),10000000,"np.arcsinh(x, out=_out)",n=10000000,5,"[3964112714, 3980005622, 3980005600]",112704882.0,2.2541,1.5641,"np.add(x, y, out=_out)",78203574.0,79555837.0,https://github.com/AIcrowd/mechestim/blob/main/src/mechestim/_pointwise.py#L271,Element-wise inverse hyperbolic sine.
arctanh,Pointwise Unary,46.4110,2.3226,72.5901,19.9823,heavy,FALSE,71.5993,72.5991,0.0080,numel(output),10000000,"np.arctanh(x, out=_out)",n=10000000,5,"[3579964532, 3629509830, 3629955503]",184775525.0,3.6955,1.5641,"np.add(x, y, out=_out)",78203574.0,79555837.0,https://github.com/AIcrowd/mechestim/blob/main/src/mechestim/_pointwise.py#L273,Element-wise inverse hyperbolic tangent.
tan,Pointwise Unary,38.7451,0.9577,60.6001,40.4564,heavy,FALSE,60.2823,60.6001,0.0030,numel(output),10000000,"np.tan(x, out=_out)",n=10000000,5,"[3014112714, 3030005622, 3030005600]",76187353.0,1.5237,1.5641,"np.add(x, y, out=_out)",78203574.0,79555837.0,https://github.com/AIcrowd/mechestim/blob/main/src/mechestim/_pointwise.py#L368,Element-wise tangent.
arcsin,Pointwise Unary,36.1813,5.4262,56.5901,6.6679,heavy,FALSE,55.5993,56.5991,0.0102,numel(output),10000000,"np.arcsin(x, out=_out)",n=10000000,5,"[2779964532, 2829509830, 2829955503]",431686147.0,8.6337,1.5641,"np.add(x, y, out=_out)",78203574.0,79555837.0,https://github.com/AIcrowd/mechestim/blob/main/src/mechestim/_pointwise.py#L270,Element-wise inverse sine.
arccos,Pointwise Unary,34.2633,5.7647,53.5902,5.9436,heavy,FALSE,52.5993,53.5991,0.0108,numel(output),10000000,"np.arccos(x, out=_out)",n=10000000,5,"[2629964532, 2679509830, 2679955503]",458617737.0,9.1724,1.5641,"np.add(x, y, out=_out)",78203574.0,79555837.0,https://github.com/AIcrowd/mechestim/blob/main/src/mechestim/_pointwise.py#L268,Element-wise inverse cosine.
arctan,Pointwise Unary,30.4335,0.9012,47.6002,33.7700,heavy,FALSE,47.2823,47.6001,0.0039,numel(output),10000000,"np.arctan(x, out=_out)",n=10000000,5,"[2364112714, 2380005622, 2380005600]",71694100.0,1.4339,1.5641,"np.add(x, y, out=_out)",78203574.0,79555837.0,https://github.com/AIcrowd/mechestim/blob/main/src/mechestim/_pointwise.py#L272,Element-wise inverse tangent.
expm1,Pointwise Unary,26.5973,0.9027,41.6001,29.4642,heavy,FALSE,41.2823,41.7681,0.0059,numel(output),10000000,"np.expm1(x, out=_out)",n=10000000,5,"[2064112714, 2080005622, 2088406033]",71818716.0,1.4364,1.5641,"np.add(x, y, out=_out)",78203574.0,79555837.0,https://github.com/AIcrowd/mechestim/blob/main/src/mechestim/_pointwise.py#L314,Element-wise e^x - 1 (accurate near zero).
log1p,Pointwise Unary,26.5973,3.2539,41.6001,8.1740,heavy,FALSE,41.5993,42.5997,0.0138,numel(output),10000000,"np.log1p(x, out=_out)",n=10000000,5,"[2079965237, 2080005622, 2129983423]",258868719.0,5.1774,1.5641,"np.add(x, y, out=_out)",78203574.0,79555837.0,https://github.com/AIcrowd/mechestim/blob/main/src/mechestim/_pointwise.py#L327,Element-wise log(1+x) (accurate near zero).
cos,Pointwise Unary,25.8987,11.2160,40.5074,2.3091,heavy,FALSE,24.2883,40.8412,0.2687,numel(output),10000000,"np.cos(x, out=_out)",n=10000000,5,"[1214416424, 2025369682, 2042059600]",892298002.0,17.8460,1.5641,"np.add(x, y, out=_out)",78203574.0,79555837.0,https://github.com/AIcrowd/mechestim/blob/main/src/mechestim/_pointwise.py#L254,Element-wise cosine.
sin,Pointwise Unary,25.8688,10.5959,40.4607,2.4414,heavy,FALSE,23.1635,40.8354,0.2900,numel(output),10000000,"np.sin(x, out=_out)",n=10000000,5,"[1158175909, 2023036092, 2041771895]",842967884.0,16.8594,1.5641,"np.add(x, y, out=_out)",78203574.0,79555837.0,https://github.com/AIcrowd/mechestim/blob/main/src/mechestim/_pointwise.py#L253,Element-wise sine.
cbrt,Pointwise Unary,24.6793,0.8319,38.6002,29.6662,heavy,FALSE,38.2823,38.6001,0.0048,numel(output),10000000,"np.cbrt(x, out=_out)",n=10000000,5,"[1914112714, 1930005622, 1930005600]",66184501.0,1.3237,1.5641,"np.add(x, y, out=_out)",78203574.0,79555837.0,https://github.com/AIcrowd/mechestim/blob/main/src/mechestim/_pointwise.py#L307,Element-wise cube root.
log10,Pointwise Unary,22.8776,4.1323,35.7822,5.5363,heavy,FALSE,35.6001,36.1004,0.0071,numel(output),10000000,"np.log10(x, out=_out)",n=10000000,5,"[1789110107, 1780005622, 1805019518]",328748068.0,6.5750,1.5641,"np.add(x, y, out=_out)",78203574.0,79555837.0,https://github.com/AIcrowd/mechestim/blob/main/src/mechestim/_pointwise.py#L248,Element-wise base-10 logarithm.
log2,Pointwise Unary,22.5579,4.6597,35.2822,4.8411,heavy,FALSE,34.6001,35.6007,0.0145,numel(output),10000000,"np.log2(x, out=_out)",n=10000000,5,"[1764107397, 1730005622, 1780033333]",370706440.0,7.4141,1.5641,"np.add(x, y, out=_out)",78203574.0,79555837.0,https://github.com/AIcrowd/mechestim/blob/main/src/mechestim/_pointwise.py#L247,Element-wise base-2 logarithm.
sinh,Pointwise Unary,21.4825,0.8884,33.6002,24.1811,heavy,FALSE,33.2823,34.7843,0.0234,numel(output),10000000,"np.sinh(x, out=_out)",n=10000000,5,"[1664112714, 1680005622, 1739213598]",70680447.0,1.4136,1.5641,"np.add(x, y, out=_out)",78203574.0,79555837.0,https://github.com/AIcrowd/mechestim/blob/main/src/mechestim/_pointwise.py#L365,Element-wise hyperbolic sine.
tanh,Pointwise Unary,21.4825,0.9667,33.6002,22.2225,heavy,FALSE,33.2823,33.6001,0.0055,numel(output),10000000,"np.tanh(x, out=_out)",n=10000000,5,"[1664112714, 1680005622, 1680005600]",76905027.0,1.5381,1.5641,"np.add(x, y, out=_out)",78203574.0,79555837.0,https://github.com/AIcrowd/mechestim/blob/main/src/mechestim/_pointwise.py#L255,Element-wise hyperbolic tangent.
log,Pointwise Unary,20.3202,4.3023,31.7822,4.7231,heavy,FALSE,31.6001,32.1004,0.0080,numel(output),10000000,"np.log(x, out=_out)",n=10000000,5,"[1589110107, 1580005622, 1605019518]",342273289.0,6.8455,1.5641,"np.add(x, y, out=_out)",78203574.0,79555837.0,https://github.com/AIcrowd/mechestim/blob/main/src/mechestim/_pointwise.py#L246,Element-wise natural logarithm.
cosh,Pointwise Unary,18.2857,0.7913,28.6001,23.1084,moderate,FALSE,28.2823,28.9505,0.0117,numel(output),10000000,"np.cosh(x, out=_out)",n=10000000,5,"[1414112714, 1430005622, 1447527448]",62951786.0,1.2590,1.5641,"np.add(x, y, out=_out)",78203574.0,79555837.0,https://github.com/AIcrowd/mechestim/blob/main/src/mechestim/_pointwise.py#L310,Element-wise hyperbolic cosine.
exp,Pointwise Unary,14.4495,0.7651,22.6001,18.8858,moderate,FALSE,22.2823,23.3767,0.0247,numel(output),10000000,"np.exp(x, out=_out)",n=10000000,5,"[1114112714, 1130005622, 1168833958]",60867908.0,1.2174,1.5641,"np.add(x, y, out=_out)",78203574.0,79555837.0,https://github.com/AIcrowd/mechestim/blob/main/src/mechestim/_pointwise.py#L245,Element-wise e^x.
exp2,Pointwise Unary,9.9740,0.8010,15.6000,12.4519,moderate,FALSE,15.2823,15.6001,0.0118,numel(output),10000000,"np.exp2(x, out=_out)",n=10000000,5,"[764112714, 780005622, 780005600]",63727070.0,1.2745,1.5641,"np.add(x, y, out=_out)",78203574.0,79555837.0,https://github.com/AIcrowd/mechestim/blob/main/src/mechestim/_pointwise.py#L313,Element-wise 2^x.
clip,Pointwise Unary,1.6624,1.0996,2.6001,1.5118,baseline,FALSE,2.2823,2.6001,0.0736,numel(output),10000000,"np.clip(x, -1.0, 1.0)",n=10000000,5,"[114112734, 130005642, 130005620]",87480284.0,1.7496,1.5641,"np.add(x, y, out=_out)",78203574.0,79555837.0,https://github.com/AIcrowd/mechestim/blob/main/src/mechestim/_pointwise.py#L473,"Clip array to [a_min, a_max] element-wise."
sqrt,Pointwise Unary,1.0230,0.6607,1.6000,1.5484,baseline,FALSE,1.2823,1.6001,0.1228,numel(output),10000000,"np.sqrt(x, out=_out)",n=10000000,5,"[64112817, 80005622, 80005703]",52561395.0,1.0512,1.5641,"np.add(x, y, out=_out)",78203574.0,79555837.0,https://github.com/AIcrowd/mechestim/blob/main/src/mechestim/_pointwise.py#L251,Element-wise square root.
square,Pointwise Unary,1.0230,0.6741,1.6000,1.5176,baseline,FALSE,1.2823,1.6001,0.1228,numel(output),10000000,"np.square(x, out=_out)",n=10000000,5,"[64112714, 80005622, 80005600]",53628303.0,1.0726,1.5641,"np.add(x, y, out=_out)",78203574.0,79555837.0,https://github.com/AIcrowd/mechestim/blob/main/src/mechestim/_pointwise.py#L252,Element-wise x^2.
reciprocal,Pointwise Unary,1.0230,0.6689,1.6000,1.5294,baseline,FALSE,1.2823,1.6001,0.1228,numel(output),10000000,"np.reciprocal(x, out=_out)",n=10000000,5,"[64112714, 80005622, 80005600]",53214850.0,1.0643,1.5641,"np.add(x, y, out=_out)",78203574.0,79555837.0,https://github.com/AIcrowd/mechestim/blob/main/src/mechestim/_pointwise.py#L335,Element-wise 1/x.
deg2rad,Pointwise Unary,1.0230,0.9118,1.6000,1.1220,baseline,FALSE,1.2823,1.6001,0.1228,numel(output),10000000,"np.deg2rad(x, out=_out)",n=10000000,5,"[64112714, 80005622, 80005600]",72537512.0,1.4508,1.5641,"np.add(x, y, out=_out)",78203574.0,79555837.0,https://github.com/AIcrowd/mechestim/blob/main/src/mechestim/_pointwise.py#L311,Alias for radians.
rad2deg,Pointwise Unary,1.0230,0.9093,1.6000,1.1250,baseline,FALSE,1.2823,1.6001,0.1228,numel(output),10000000,"np.rad2deg(x, out=_out)",n=10000000,5,"[64112714, 80005622, 80005600]",72342654.0,1.4469,1.5641,"np.add(x, y, out=_out)",78203574.0,79555837.0,https://github.com/AIcrowd/mechestim/blob/main/src/mechestim/_pointwise.py#L331,Alias for degrees.
degrees,Pointwise Unary,1.0230,0.9112,1.6000,1.1227,baseline,FALSE,1.2823,1.6001,0.1228,numel(output),10000000,"np.degrees(x, out=_out)",n=10000000,5,"[64112714, 80005622, 80005600]",72489619.0,1.4498,1.5641,"np.add(x, y, out=_out)",78203574.0,79555837.0,https://github.com/AIcrowd/mechestim/blob/main/src/mechestim/_pointwise.py#L312,Convert radians to degrees element-wise.
radians,Pointwise Unary,1.0230,0.9099,1.6000,1.1243,baseline,FALSE,1.2823,1.6001,0.1228,numel(output),10000000,"np.radians(x, out=_out)",n=10000000,5,"[64112714, 80005622, 80005600]",72388667.0,1.4478,1.5641,"np.add(x, y, out=_out)",78203574.0,79555837.0,https://github.com/AIcrowd/mechestim/blob/main/src/mechestim/_pointwise.py#L332,Convert degrees to radians element-wise.
frexp,Pointwise Unary,1.0230,1.5273,1.6000,0.6698,baseline,FALSE,1.2823,1.6001,0.1228,numel(output),10000000,np.frexp(x),n=10000000,5,"[64112714, 80005622, 80005600]",121505491.0,2.4301,1.5641,"np.add(x, y, out=_out)",78203574.0,79555837.0,https://github.com/AIcrowd/mechestim/blob/main/src/mechestim/_pointwise.py#L373,Decompose x into mantissa and exponent element-wise.
spacing,Pointwise Unary,1.0230,1.8831,1.6000,0.5433,baseline,FALSE,1.2823,1.6001,0.1228,numel(output),10000000,"np.spacing(x, out=_out)",n=10000000,5,"[64112714, 80005622, 80005600]",149814537.0,2.9963,1.5641,"np.add(x, y, out=_out)",78203574.0,79555837.0,https://github.com/AIcrowd/mechestim/blob/main/src/mechestim/_pointwise.py#L367,Return ULP spacing for each element.
modf,Pointwise Unary,1.0167,2.6118,1.5902,0.3893,baseline,FALSE,0.5993,1.5991,0.4551,numel(output),10000000,np.modf(x),n=10000000,5,"[29964429, 79509727, 79955400]",207787531.0,4.1558,1.5641,"np.add(x, y, out=_out)",78203574.0,79555837.0,https://github.com/AIcrowd/mechestim/blob/main/src/mechestim/_pointwise.py#L372,Return fractional and integral parts element-wise.
abs,Pointwise Unary,0.3837,0.6712,0.6001,0.5717,negligible,FALSE,0.2823,0.6001,0.3714,numel(output),10000000,"np.abs(x, out=_out)",n=10000000,5,"[14112714, 30005622, 30005600]",53401389.0,1.0680,1.5641,"np.add(x, y, out=_out)",78203574.0,79555837.0,https://github.com/AIcrowd/mechestim/blob/main/src/mechestim/_pointwise.py#L249,Element-wise absolute value; alias for absolute.
negative,Pointwise Unary,0.3837,0.6825,0.6001,0.5622,negligible,FALSE,0.2823,0.6001,0.3714,numel(output),10000000,"np.negative(x, out=_out)",n=10000000,5,"[14112714, 30005622, 30005600]",54297875.0,1.0860,1.5641,"np.add(x, y, out=_out)",78203574.0,79555837.0,https://github.com/AIcrowd/mechestim/blob/main/src/mechestim/_pointwise.py#L250,Element-wise negation.
positive,Pointwise Unary,0.3837,0.6679,0.6001,0.5745,negligible,FALSE,0.2823,0.6001,0.3714,numel(output),10000000,"np.positive(x, out=_out)",n=10000000,5,"[14112714, 30005622, 30005600]",53132721.0,1.0627,1.5641,"np.add(x, y, out=_out)",78203574.0,79555837.0,https://github.com/AIcrowd/mechestim/blob/main/src/mechestim/_pointwise.py#L330,Element-wise unary plus (copy with sign preserved).
ceil,Pointwise Unary,0.3837,0.6705,0.6001,0.5723,negligible,FALSE,0.2823,0.6001,0.3714,numel(output),10000000,"np.ceil(x, out=_out)",n=10000000,5,"[14112714, 30005622, 30005600]",53342682.0,1.0669,1.5641,"np.add(x, y, out=_out)",78203574.0,79555837.0,https://github.com/AIcrowd/mechestim/blob/main/src/mechestim/_pointwise.py#L257,Element-wise ceiling.
floor,Pointwise Unary,0.3837,0.6639,0.6001,0.5779,negligible,FALSE,0.2823,0.6001,0.3714,numel(output),10000000,"np.floor(x, out=_out)",n=10000000,5,"[14112714, 30005622, 30005600]",52813902.0,1.0563,1.5641,"np.add(x, y, out=_out)",78203574.0,79555837.0,https://github.com/AIcrowd/mechestim/blob/main/src/mechestim/_pointwise.py#L258,Element-wise floor.
trunc,Pointwise Unary,0.3837,0.6804,0.6001,0.5639,negligible,FALSE,0.2823,0.6001,0.3714,numel(output),10000000,"np.trunc(x, out=_out)",n=10000000,5,"[14112714, 30005622, 30005600]",54132123.0,1.0826,1.5641,"np.add(x, y, out=_out)",78203574.0,79555837.0,https://github.com/AIcrowd/mechestim/blob/main/src/mechestim/_pointwise.py#L369,Truncate toward zero element-wise.
rint,Pointwise Unary,0.3837,0.6641,0.6001,0.5778,negligible,FALSE,0.2823,0.6001,0.3714,numel(output),10000000,"np.rint(x, out=_out)",n=10000000,5,"[14112714, 30005622, 30005600]",52833828.0,1.0567,1.5641,"np.add(x, y, out=_out)",78203574.0,79555837.0,https://github.com/AIcrowd/mechestim/blob/main/src/mechestim/_pointwise.py#L336,Round to nearest integer element-wise.
sign,Pointwise Unary,0.3837,0.9011,0.6001,0.4258,negligible,FALSE,0.2823,0.6001,0.3714,numel(output),10000000,"np.sign(x, out=_out)",n=10000000,5,"[14112714, 30005622, 30005600]",71690537.0,1.4338,1.5641,"np.add(x, y, out=_out)",78203574.0,79555837.0,https://github.com/AIcrowd/mechestim/blob/main/src/mechestim/_pointwise.py#L256,Element-wise sign function.
signbit,Pointwise Unary,0.3837,0.3314,0.6001,1.1578,negligible,FALSE,0.2823,0.6001,0.3714,numel(output),10000000,"np.signbit(x, out=_out)",n=10000000,5,"[14112714, 30005622, 30005600]",26362549.0,0.5273,1.5641,"np.add(x, y, out=_out)",78203574.0,79555837.0,https://github.com/AIcrowd/mechestim/blob/main/src/mechestim/_pointwise.py#L363,Returns True for elements with negative sign bit.
fabs,Pointwise Unary,0.3837,0.9058,0.6001,0.4236,negligible,FALSE,0.2823,0.6001,0.3714,numel(output),10000000,"np.fabs(x, out=_out)",n=10000000,5,"[14112714, 30005622, 30005600]",72061974.0,1.4412,1.5641,"np.add(x, y, out=_out)",78203574.0,79555837.0,https://github.com/AIcrowd/mechestim/blob/main/src/mechestim/_pointwise.py#L315,Element-wise absolute value (always float).
logical_not,Pointwise Unary,0.3837,0.5669,0.6001,0.6768,negligible,FALSE,0.2823,0.6001,0.3714,numel(output),10000000,"np.logical_not(x, out=_out)",n=10000000,5,"[14112714, 30005622, 30005600]",45103642.0,0.9021,1.5641,"np.add(x, y, out=_out)",78203574.0,79555837.0,https://github.com/AIcrowd/mechestim/blob/main/src/mechestim/_pointwise.py#L328,Element-wise logical NOT.
sinc,Pointwise Unary,0.3837,0.0000,0.6001,N/A,negligible,FALSE,0.2823,0.6001,0.3714,numel(output),10000000,"np.sinc(x, out=_out)",n=10000000,5,"[14112715, 30005623, 30005601]",,N/A,1.5641,"np.add(x, y, out=_out)",78203574.0,79555837.0,https://github.com/AIcrowd/mechestim/blob/main/src/mechestim/_pointwise.py#L364,Normalized sinc function element-wise.
i0,Pointwise Unary,0.3837,0.0000,0.6001,N/A,negligible,FALSE,0.2823,0.6001,0.3714,numel(output),10000000,"np.i0(x, out=_out)",n=10000000,5,"[14112715, 30005623, 30005601]",,N/A,1.5641,"np.add(x, y, out=_out)",78203574.0,79555837.0,https://github.com/AIcrowd/mechestim/blob/main/src/mechestim/_pointwise.py#L317,"Modified Bessel function of order 0, element-wise."
nan_to_num,Pointwise Unary,0.3837,0.0000,0.6001,N/A,negligible,FALSE,0.2823,0.6001,0.3714,numel(output),10000000,"np.nan_to_num(x, out=_out)",n=10000000,5,"[14112715, 30005623, 30005601]",,N/A,1.5641,"np.add(x, y, out=_out)",78203574.0,79555837.0,https://github.com/AIcrowd/mechestim/blob/main/src/mechestim/_pointwise.py#L329,Replace NaN/inf with finite numbers element-wise.
isneginf,Pointwise Unary,0.3837,0.9543,0.6001,0.4021,negligible,FALSE,0.2823,0.6001,0.3714,numel(output),10000000,"np.isneginf(x, out=_out)",n=10000000,5,"[14112714, 30005622, 30005600]",75922690.0,1.5185,1.5641,"np.add(x, y, out=_out)",78203574.0,79555837.0,https://github.com/AIcrowd/mechestim/blob/main/src/mechestim/_pointwise.py#L323,Test for negative infinity element-wise.
isposinf,Pointwise Unary,0.3837,0.9629,0.6001,0.3985,negligible,FALSE,0.2823,0.6001,0.3714,numel(output),10000000,"np.isposinf(x, out=_out)",n=10000000,5,"[14112714, 30005622, 30005600]",76601851.0,1.5320,1.5641,"np.add(x, y, out=_out)",78203574.0,79555837.0,https://github.com/AIcrowd/mechestim/blob/main/src/mechestim/_pointwise.py#L324,Test for positive infinity element-wise.
power,Pointwise Binary,46.7140,9.2416,73.0640,5.0548,heavy,FALSE,72.2001,92.8281,0.1470,numel(output),10000000,"np.power(a, b, out=_out)",n=10000000,5,"[3653202617, 3610005633, 4641404919]",735226394.0,14.7045,1.5641,"np.add(x, y, out=_out)",78203574.0,79555837.0,https://github.com/AIcrowd/mechestim/blob/main/src/mechestim/_pointwise.py#L413,Element-wise exponentiation x**y.
arctan2,Pointwise Binary,34.6532,1.4285,54.2001,24.2585,heavy,FALSE,53.5642,54.2001,0.0068,numel(output),10000000,"np.arctan2(a, b, out=_out)",n=10000000,5,"[2678210644, 2710005633, 2710005601]",113641642.0,2.2728,1.5641,"np.add(x, y, out=_out)",78203574.0,79555837.0,https://github.com/AIcrowd/mechestim/blob/main/src/mechestim/_pointwise.py#L420,Element-wise arctan(y/x) considering quadrant.
logaddexp2,Pointwise Binary,22.5287,16.4371,35.2365,1.3706,heavy,FALSE,20.0965,51.8801,0.4448,numel(output),10000000,"np.logaddexp2(a, b, out=_out)",n=10000000,5,"[2594005139, 1761822103, 1004825541]",1307665618.0,26.1533,1.5641,"np.add(x, y, out=_out)",78203574.0,79555837.0,https://github.com/AIcrowd/mechestim/blob/main/src/mechestim/_pointwise.py#L445,log2(2**x1 + 2**x2) element-wise.
logaddexp,Pointwise Binary,21.6097,16.1960,33.7991,1.3343,heavy,FALSE,22.4074,52.2350,0.4164,numel(output),10000000,"np.logaddexp(a, b, out=_out)",n=10000000,5,"[2611748829, 1689958268, 1120371731]",1288486819.0,25.7697,1.5641,"np.add(x, y, out=_out)",78203574.0,79555837.0,https://github.com/AIcrowd/mechestim/blob/main/src/mechestim/_pointwise.py#L444,log(exp(x1) + exp(x2)) element-wise.
float_power,Pointwise Binary,20.8222,9.7219,32.5674,2.1418,heavy,FALSE,25.4041,62.2001,0.4870,numel(output),10000000,"np.float_power(a, b, out=_out)",n=10000000,5,"[1628367927, 3110005633, 1270203784]",773434780.0,15.4687,1.5641,"np.add(x, y, out=_out)",78203574.0,79555837.0,https://github.com/AIcrowd/mechestim/blob/main/src/mechestim/_pointwise.py#L429,Element-wise exponentiation in float64.
hypot,Pointwise Binary,7.4809,9.5273,11.7007,0.7852,moderate,FALSE,10.7937,11.7012,0.0460,numel(output),10000000,"np.hypot(a, b, out=_out)",n=10000000,5,"[539684454, 585061193, 585034041]",757954567.0,15.1591,1.5641,"np.add(x, y, out=_out)",78203574.0,79555837.0,https://github.com/AIcrowd/mechestim/blob/main/src/mechestim/_pointwise.py#L438,Element-wise Euclidean norm sqrt(x1^2 + x2^2).
floor_divide,Pointwise Binary,3.0823,11.6310,4.8209,0.2650,moderate,FALSE,4.7084,5.4499,0.0800,numel(output),10000000,"np.floor_divide(a, b, out=_out)",n=10000000,5,"[241046584, 235420983, 272493391]",925312663.0,18.5063,1.5641,"np.add(x, y, out=_out)",78203574.0,79555837.0,https://github.com/AIcrowd/mechestim/blob/main/src/mechestim/_pointwise.py#L430,Element-wise floor division.
isclose,Pointwise Binary,2.6854,5.8060,4.2002,0.4625,moderate,FALSE,3.5642,4.2001,0.0921,numel(output),10000000,"np.isclose(a, b)",n=10000000,5,"[178210644, 210005633, 210005601]",461897373.0,9.2379,1.5641,"np.add(x, y, out=_out)",78203574.0,79555837.0,https://github.com/AIcrowd/mechestim/blob/main/src/mechestim/_pointwise.py#L388,Element-wise approximate equality test.
add,Pointwise Binary,1.4067,0.9832,2.2002,1.4307,baseline,FALSE,1.5642,2.2001,0.1847,numel(output),10000000,"np.add(a, b, out=_out)",n=10000000,5,"[78210644, 110005633, 110005601]",78216697.0,1.5643,1.5641,"np.add(x, y, out=_out)",78203574.0,79555837.0,https://github.com/AIcrowd/mechestim/blob/main/src/mechestim/_pointwise.py#L407,Element-wise addition.
subtract,Pointwise Binary,1.4067,0.9807,2.2002,1.4344,baseline,FALSE,1.5642,2.2001,0.1847,numel(output),10000000,"np.subtract(a, b, out=_out)",n=10000000,5,"[78210644, 110005633, 110005601]",78020037.0,1.5604,1.5641,"np.add(x, y, out=_out)",78203574.0,79555837.0,https://github.com/AIcrowd/mechestim/blob/main/src/mechestim/_pointwise.py#L408,Element-wise subtraction.
multiply,Pointwise Binary,1.4067,0.9841,2.2002,1.4294,baseline,FALSE,1.5642,2.2001,0.1847,numel(output),10000000,"np.multiply(a, b, out=_out)",n=10000000,5,"[78210644, 110005633, 110005601]",78291826.0,1.5658,1.5641,"np.add(x, y, out=_out)",78203574.0,79555837.0,https://github.com/AIcrowd/mechestim/blob/main/src/mechestim/_pointwise.py#L409,Element-wise multiplication.
divide,Pointwise Binary,1.4067,0.9710,2.2002,1.4487,baseline,FALSE,1.5642,2.2001,0.1847,numel(output),10000000,"np.divide(a, b, out=_out)",n=10000000,5,"[78210644, 110005633, 110005601]",77252376.0,1.5450,1.5641,"np.add(x, y, out=_out)",78203574.0,79555837.0,https://github.com/AIcrowd/mechestim/blob/main/src/mechestim/_pointwise.py#L410,Element-wise true division.
true_divide,Pointwise Binary,1.4067,0.9730,2.2002,1.4457,baseline,FALSE,1.5642,2.2001,0.1847,numel(output),10000000,"np.true_divide(a, b, out=_out)",n=10000000,5,"[78210644, 110005633, 110005601]",77407712.0,1.5482,1.5641,"np.add(x, y, out=_out)",78203574.0,79555837.0,https://github.com/AIcrowd/mechestim/blob/main/src/mechestim/_pointwise.py#L454,Element-wise true division (explicit).
maximum,Pointwise Binary,1.4067,0.9659,2.2002,1.4564,baseline,FALSE,1.5642,2.2001,0.1847,numel(output),10000000,"np.maximum(a, b, out=_out)",n=10000000,5,"[78210644, 110005633, 110005601]",76842717.0,1.5369,1.5641,"np.add(x, y, out=_out)",78203574.0,79555837.0,https://github.com/AIcrowd/mechestim/blob/main/src/mechestim/_pointwise.py#L411,Element-wise maximum (propagates NaN).
minimum,Pointwise Binary,1.4067,1.0114,2.2002,1.3908,baseline,FALSE,1.5642,2.2001,0.1847,numel(output),10000000,"np.minimum(a, b, out=_out)",n=10000000,5,"[78210644, 110005633, 110005601]",80458820.0,1.6092,1.5641,"np.add(x, y, out=_out)",78203574.0,79555837.0,https://github.com/AIcrowd/mechestim/blob/main/src/mechestim/_pointwise.py#L412,Element-wise minimum (propagates NaN).
fmax,Pointwise Binary,1.4067,1.0281,2.2002,1.3683,baseline,FALSE,1.5642,2.2001,0.1847,numel(output),10000000,"np.fmax(a, b, out=_out)",n=10000000,5,"[78210644, 110005633, 110005601]",81793111.0,1.6359,1.5641,"np.add(x, y, out=_out)",78203574.0,79555837.0,https://github.com/AIcrowd/mechestim/blob/main/src/mechestim/_pointwise.py#L431,Element-wise maximum ignoring NaN.
fmin,Pointwise Binary,1.4067,0.9636,2.2002,1.4598,baseline,FALSE,1.5642,2.2001,0.1847,numel(output),10000000,"np.fmin(a, b, out=_out)",n=10000000,5,"[78210644, 110005633, 110005601]",76663699.0,1.5333,1.5641,"np.add(x, y, out=_out)",78203574.0,79555837.0,https://github.com/AIcrowd/mechestim/blob/main/src/mechestim/_pointwise.py#L432,Element-wise minimum ignoring NaN.
mod,Pointwise Binary,0.7673,10.7508,1.2001,0.0714,baseline,FALSE,1.0643,1.6999,0.2533,numel(output),10000000,"np.mod(a, b, out=_out)",n=10000000,5,"[53214789, 60005633, 84993256]",855288883.0,17.1058,1.5641,"np.add(x, y, out=_out)",78203574.0,79555837.0,https://github.com/AIcrowd/mechestim/blob/main/src/mechestim/_pointwise.py#L414,Element-wise modulo.
remainder,Pointwise Binary,0.7673,10.7717,1.2001,0.0712,baseline,FALSE,1.0643,1.6999,0.2533,numel(output),10000000,"np.remainder(a, b, out=_out)",n=10000000,5,"[53214789, 60005633, 84993256]",856947653.0,17.1390,1.5641,"np.add(x, y, out=_out)",78203574.0,79555837.0,https://github.com/AIcrowd/mechestim/blob/main/src/mechestim/_pointwise.py#L452,Element-wise remainder (same as mod).
fmod,Pointwise Binary,0.7673,5.7069,1.2001,0.1345,baseline,FALSE,0.5642,1.2001,0.3715,numel(output),10000000,"np.fmod(a, b, out=_out)",n=10000000,5,"[28210644, 60005633, 60005601]",454015234.0,9.0803,1.5641,"np.add(x, y, out=_out)",78203574.0,79555837.0,https://github.com/AIcrowd/mechestim/blob/main/src/mechestim/_pointwise.py#L433,Element-wise C-style fmod (remainder toward zero).
greater,Pointwise Binary,0.7673,0.6676,1.2001,1.1493,baseline,FALSE,0.5642,1.2001,0.3715,numel(output),10000000,"np.greater(a, b, out=_out)",n=10000000,5,"[28210644, 60005633, 60005601]",53107898.0,1.0622,1.5641,"np.add(x, y, out=_out)",78203574.0,79555837.0,https://github.com/AIcrowd/mechestim/blob/main/src/mechestim/_pointwise.py#L435,Element-wise x1 > x2.
greater_equal,Pointwise Binary,0.7673,0.6667,1.2001,1.1509,baseline,FALSE,0.5642,1.2001,0.3715,numel(output),10000000,"np.greater_equal(a, b, out=_out)",n=10000000,5,"[28210644, 60005633, 60005601]",53036495.0,1.0607,1.5641,"np.add(x, y, out=_out)",78203574.0,79555837.0,https://github.com/AIcrowd/mechestim/blob/main/src/mechestim/_pointwise.py#L436,Element-wise x1 >= x2.
less,Pointwise Binary,0.7673,0.6704,1.2001,1.1445,baseline,FALSE,0.5642,1.2001,0.3715,numel(output),10000000,"np.less(a, b, out=_out)",n=10000000,5,"[28210644, 60005633, 60005601]",53331525.0,1.0666,1.5641,"np.add(x, y, out=_out)",78203574.0,79555837.0,https://github.com/AIcrowd/mechestim/blob/main/src/mechestim/_pointwise.py#L442,Element-wise x1 < x2.
less_equal,Pointwise Binary,0.7673,0.6775,1.2001,1.1325,baseline,FALSE,0.5642,1.2001,0.3715,numel(output),10000000,"np.less_equal(a, b, out=_out)",n=10000000,5,"[28210644, 60005633, 60005601]",53902681.0,1.0781,1.5641,"np.add(x, y, out=_out)",78203574.0,79555837.0,https://github.com/AIcrowd/mechestim/blob/main/src/mechestim/_pointwise.py#L443,Element-wise x1 <= x2.
equal,Pointwise Binary,0.7673,0.6626,1.2001,1.1580,baseline,FALSE,0.5642,1.2001,0.3715,numel(output),10000000,"np.equal(a, b, out=_out)",n=10000000,5,"[28210644, 60005633, 60005601]",52717163.0,1.0543,1.5641,"np.add(x, y, out=_out)",78203574.0,79555837.0,https://github.com/AIcrowd/mechestim/blob/main/src/mechestim/_pointwise.py#L428,Element-wise x1 == x2.
not_equal,Pointwise Binary,0.7673,0.6699,1.2001,1.1454,baseline,FALSE,0.5642,1.2001,0.3715,numel(output),10000000,"np.not_equal(a, b, out=_out)",n=10000000,5,"[28210644, 60005633, 60005601]",53293397.0,1.0659,1.5641,"np.add(x, y, out=_out)",78203574.0,79555837.0,https://github.com/AIcrowd/mechestim/blob/main/src/mechestim/_pointwise.py#L450,Element-wise x1 != x2.
logical_and,Pointwise Binary,0.7673,0.9472,1.2001,0.8101,baseline,FALSE,0.5642,1.2001,0.3715,numel(output),10000000,"np.logical_and(a, b, out=_out)",n=10000000,5,"[28210644, 60005633, 60005601]",75353350.0,1.5071,1.5641,"np.add(x, y, out=_out)",78203574.0,79555837.0,https://github.com/AIcrowd/mechestim/blob/main/src/mechestim/_pointwise.py#L446,Element-wise logical AND.
logical_or,Pointwise Binary,0.7673,0.9473,1.2001,0.8100,baseline,FALSE,0.5642,1.2001,0.3715,numel(output),10000000,"np.logical_or(a, b, out=_out)",n=10000000,5,"[28210644, 60005633, 60005601]",75361790.0,1.5072,1.5641,"np.add(x, y, out=_out)",78203574.0,79555837.0,https://github.com/AIcrowd/mechestim/blob/main/src/mechestim/_pointwise.py#L447,Element-wise logical OR.
logical_xor,Pointwise Binary,0.7673,0.9443,1.2001,0.8126,baseline,FALSE,0.5642,1.2001,0.3715,numel(output),10000000,"np.logical_xor(a, b, out=_out)",n=10000000,5,"[28210644, 60005633, 60005601]",75126386.0,1.5025,1.5641,"np.add(x, y, out=_out)",78203574.0,79555837.0,https://github.com/AIcrowd/mechestim/blob/main/src/mechestim/_pointwise.py#L448,Element-wise logical XOR.
copysign,Pointwise Binary,0.7673,0.9158,1.2001,0.8378,baseline,FALSE,0.5642,1.2001,0.3715,numel(output),10000000,"np.copysign(a, b, out=_out)",n=10000000,5,"[28210644, 60005633, 60005601]",72860093.0,1.4572,1.5641,"np.add(x, y, out=_out)",78203574.0,79555837.0,https://github.com/AIcrowd/mechestim/blob/main/src/mechestim/_pointwise.py#L427,Copy sign of x2 to magnitude of x1 element-wise.
nextafter,Pointwise Binary,0.7673,7.1806,1.2001,0.1069,baseline,FALSE,0.5642,1.2001,0.3715,numel(output),10000000,"np.nextafter(a, b, out=_out)",n=10000000,5,"[28210644, 60005633, 60005601]",571258460.0,11.4252,1.5641,"np.add(x, y, out=_out)",78203574.0,79555837.0,https://github.com/AIcrowd/mechestim/blob/main/src/mechestim/_pointwise.py#L449,Return next float after x1 toward x2 element-wise.
ldexp,Pointwise Binary,0.7673,0.0000,1.2001,N/A,baseline,FALSE,0.5642,1.2001,0.3715,numel(output),10000000,"np.ldexp(a, b, out=_out)",n=10000000,5,"[28210645, 60005634, 60005602]",,N/A,1.5641,"np.add(x, y, out=_out)",78203574.0,79555837.0,https://github.com/AIcrowd/mechestim/blob/main/src/mechestim/_pointwise.py#L440,Return x1 * 2**x2 element-wise.
heaviside,Pointwise Binary,0.3837,4.2660,0.6001,0.0899,negligible,FALSE,0.2823,0.6001,0.3714,numel(output),10000000,"np.heaviside(x, 0.5)",n=10000000,5,"[14112726, 30005634, 30005612]",339385582.0,6.7877,1.5641,"np.add(x, y, out=_out)",78203574.0,79555837.0,https://github.com/AIcrowd/mechestim/blob/main/src/mechestim/_pointwise.py#L437,Heaviside step function element-wise.
std,Reductions,2.9411,2.0390,4.6001,1.4424,moderate,FALSE,4.2823,4.6001,0.0408,numel(input),10000000,np.std(x),n=10000000,5,"[214112734, 230005642, 230005620]",162215114.0,3.2443,1.5641,"np.add(x, y, out=_out)",78203574.0,79555837.0,https://github.com/AIcrowd/mechestim/blob/main/src/mechestim/_pointwise.py#L501,Standard deviation; cost_multiplier=2 (two passes).
var,Reductions,2.9411,2.0397,4.6001,1.4419,moderate,FALSE,4.2823,4.6001,0.0408,numel(input),10000000,np.var(x),n=10000000,5,"[214112724, 230005632, 230005610]",162269367.0,3.2454,1.5641,"np.add(x, y, out=_out)",78203574.0,79555837.0,https://github.com/AIcrowd/mechestim/blob/main/src/mechestim/_pointwise.py#L502,Variance; cost_multiplier=2 (two passes).
nanstd,Reductions,2.9411,3.9664,4.6001,0.7415,moderate,FALSE,4.2823,4.6001,0.0408,numel(input),10000000,np.nanstd(x),n=10000000,5,"[214112734, 230005642, 230005620]",315549436.0,6.3110,1.5641,"np.add(x, y, out=_out)",78203574.0,79555837.0,https://github.com/AIcrowd/mechestim/blob/main/src/mechestim/_pointwise.py#L532,Standard deviation ignoring NaNs.
nanvar,Reductions,2.9411,3.9612,4.6001,0.7425,moderate,FALSE,4.2823,4.6001,0.0408,numel(input),10000000,np.nanvar(x),n=10000000,5,"[214112724, 230005632, 230005610]",315136733.0,6.3027,1.5641,"np.add(x, y, out=_out)",78203574.0,79555837.0,https://github.com/AIcrowd/mechestim/blob/main/src/mechestim/_pointwise.py#L534,Variance ignoring NaNs.
ptp,Reductions,1.6636,0.5205,2.6020,3.1962,baseline,FALSE,2.2842,2.6021,0.0735,numel(input),10000000,np.ptp(x),n=10000000,5,"[114210389, 130103297, 130103275]",41408036.0,0.8282,1.5641,"np.add(x, y, out=_out)",78203574.0,79555837.0,https://github.com/AIcrowd/mechestim/blob/main/src/mechestim/_pointwise.py#L549,Peak-to-peak (max - min) range of array.
max,Reductions,1.0237,0.2677,1.6011,3.8241,baseline,FALSE,1.2832,1.6011,0.1227,numel(input),10000000,np.max(x),n=10000000,5,"[64161549, 80054457, 80054435]",21300899.0,0.4260,1.5641,"np.add(x, y, out=_out)",78203574.0,79555837.0,https://github.com/AIcrowd/mechestim/blob/main/src/mechestim/_pointwise.py#L497,Maximum value of array.
min,Reductions,1.0237,0.2724,1.6011,3.7581,baseline,FALSE,1.2832,1.6011,0.1227,numel(input),10000000,np.min(x),n=10000000,5,"[64161549, 80054457, 80054435]",21668469.0,0.4334,1.5641,"np.add(x, y, out=_out)",78203574.0,79555837.0,https://github.com/AIcrowd/mechestim/blob/main/src/mechestim/_pointwise.py#L498,Minimum value of array.
nanmax,Reductions,1.0237,0.2770,1.6011,3.6957,baseline,FALSE,1.2832,1.6011,0.1227,numel(input),10000000,np.nanmax(x),n=10000000,5,"[64161549, 80054457, 80054435]",22034714.0,0.4407,1.5641,"np.add(x, y, out=_out)",78203574.0,79555837.0,https://github.com/AIcrowd/mechestim/blob/main/src/mechestim/_pointwise.py#L525,Maximum ignoring NaNs.
nanmin,Reductions,1.0237,0.2773,1.6011,3.6917,baseline,FALSE,1.2832,1.6011,0.1227,numel(input),10000000,np.nanmin(x),n=10000000,5,"[64161549, 80054457, 80054435]",22061528.0,0.4412,1.5641,"np.add(x, y, out=_out)",78203574.0,79555837.0,https://github.com/AIcrowd/mechestim/blob/main/src/mechestim/_pointwise.py#L528,Minimum ignoring NaNs.
sum,Reductions,1.0230,0.3006,1.6000,3.4032,baseline,FALSE,1.2823,1.6001,0.1228,numel(input),10000000,np.sum(x),n=10000000,5,"[64112714, 80005622, 80005600]",23916240.0,0.4783,1.5641,"np.add(x, y, out=_out)",78203574.0,79555837.0,https://github.com/AIcrowd/mechestim/blob/main/src/mechestim/_pointwise.py#L496,Sum of array elements.
prod,Reductions,1.0230,0.7650,1.6000,1.3373,baseline,FALSE,1.2823,1.6001,0.1228,numel(input),10000000,np.prod(x),n=10000000,5,"[64112714, 80005743, 80005721]",60860026.0,1.2172,1.5641,"np.add(x, y, out=_out)",78203574.0,79555837.0,https://github.com/AIcrowd/mechestim/blob/main/src/mechestim/_pointwise.py#L499,Product of array elements.
mean,Reductions,1.0230,0.2999,1.6000,3.4111,baseline,FALSE,1.2823,1.6001,0.1228,numel(input),10000000,np.mean(x),n=10000000,5,"[64112719, 80005627, 80005605]",23855535.0,0.4771,1.5641,"np.add(x, y, out=_out)",78203574.0,79555837.0,https://github.com/AIcrowd/mechestim/blob/main/src/mechestim/_pointwise.py#L500,Arithmetic mean of array elements.
cumsum,Reductions,1.0230,1.6426,1.6000,0.6228,baseline,FALSE,1.2823,1.6001,0.1228,numel(input),10000000,"np.cumsum(x, out=_out)",n=10000000,5,"[64112709, 80005617, 80005595]",130679570.0,2.6136,1.5641,"np.add(x, y, out=_out)",78203574.0,79555837.0,https://github.com/AIcrowd/mechestim/blob/main/src/mechestim/_pointwise.py#L505,Cumulative sum of array elements.
cumprod,Reductions,1.0230,1.6430,1.6000,0.6226,baseline,FALSE,1.2823,1.6001,0.1228,numel(input),10000000,"np.cumprod(x, out=_out)",n=10000000,5,"[64112709, 80005738, 80005716]",130710581.0,2.6142,1.5641,"np.add(x, y, out=_out)",78203574.0,79555837.0,https://github.com/AIcrowd/mechestim/blob/main/src/mechestim/_pointwise.py#L506,Cumulative product of array elements.
nansum,Reductions,1.0230,1.7500,1.6000,0.5846,baseline,FALSE,1.2823,1.6001,0.1228,numel(input),10000000,np.nansum(x),n=10000000,5,"[64112714, 80005622, 80005600]",139222319.0,2.7844,1.5641,"np.add(x, y, out=_out)",78203574.0,79555837.0,https://github.com/AIcrowd/mechestim/blob/main/src/mechestim/_pointwise.py#L533,Sum ignoring NaNs.
nanmean,Reductions,1.0230,2.2902,1.6000,0.4467,baseline,FALSE,1.2823,1.6001,0.1228,numel(input),10000000,np.nanmean(x),n=10000000,5,"[64112719, 80005627, 80005605]",182201515.0,3.6440,1.5641,"np.add(x, y, out=_out)",78203574.0,79555837.0,https://github.com/AIcrowd/mechestim/blob/main/src/mechestim/_pointwise.py#L526,Mean ignoring NaNs.
nanprod,Reductions,1.0230,2.3123,1.6000,0.4424,baseline,FALSE,1.2823,1.6001,0.1228,numel(input),10000000,np.nanprod(x),n=10000000,5,"[64112714, 80005743, 80005721]",183956236.0,3.6791,1.5641,"np.add(x, y, out=_out)",78203574.0,79555837.0,https://github.com/AIcrowd/mechestim/blob/main/src/mechestim/_pointwise.py#L530,Product ignoring NaNs.
average,Reductions,1.0230,0.3017,1.6000,3.3908,baseline,FALSE,1.2823,1.6001,0.1228,numel(input),10000000,np.average(x),n=10000000,5,"[64112724, 80005632, 80005610]",24000823.0,0.4800,1.5641,"np.add(x, y, out=_out)",78203574.0,79555837.0,https://github.com/AIcrowd/mechestim/blob/main/src/mechestim/_pointwise.py#L516,Weighted average of array elements.
nancumprod,Reductions,1.0230,3.2476,1.6000,0.3150,baseline,FALSE,1.2823,1.6001,0.1228,numel(input),10000000,"np.nancumprod(x, out=_out)",n=10000000,5,"[64112709, 80005738, 80005716]",258362887.0,5.1673,1.5641,"np.add(x, y, out=_out)",78203574.0,79555837.0,https://github.com/AIcrowd/mechestim/blob/main/src/mechestim/_pointwise.py#L523,Cumulative product ignoring NaNs.
nancumsum,Reductions,1.0230,3.2608,1.6000,0.3137,baseline,FALSE,1.2823,1.6001,0.1228,numel(input),10000000,"np.nancumsum(x, out=_out)",n=10000000,5,"[64112709, 80005617, 80005595]",259415870.0,5.1883,1.5641,"np.add(x, y, out=_out)",78203574.0,79555837.0,https://github.com/AIcrowd/mechestim/blob/main/src/mechestim/_pointwise.py#L524,Cumulative sum ignoring NaNs.
cumulative_sum,Reductions,1.0230,1.6425,1.6000,0.6228,baseline,FALSE,1.2823,1.6001,0.1228,numel(input),10000000,"np.cumulative_sum(x, out=_out)",n=10000000,5,"[64112709, 80005617, 80005595]",130674372.0,2.6135,1.5641,"np.add(x, y, out=_out)",78203574.0,79555837.0,https://github.com/AIcrowd/mechestim/blob/main/src/mechestim/_pointwise.py#L519,Cumulative sum (NumPy 2.x array API).
cumulative_prod,Reductions,1.0230,1.6425,1.6000,0.6228,baseline,FALSE,1.2823,1.6001,0.1228,numel(input),10000000,"np.cumulative_prod(x, out=_out)",n=10000000,5,"[64112709, 80005738, 80005716]",130674175.0,2.6135,1.5641,"np.add(x, y, out=_out)",78203574.0,79555837.0,https://github.com/AIcrowd/mechestim/blob/main/src/mechestim/_pointwise.py#L518,Cumulative product (NumPy 2.x array API).
argmax,Reductions,0.3837,0.3012,0.6001,1.2739,negligible,FALSE,0.2823,0.6001,0.3714,numel(input),10000000,np.argmax(x),n=10000000,5,"[14112714, 30005622, 30005600]",23964792.0,0.4793,1.5641,"np.add(x, y, out=_out)",78203574.0,79555837.0,https://github.com/AIcrowd/mechestim/blob/main/src/mechestim/_pointwise.py#L503,Index of maximum value.
argmin,Reductions,0.3837,0.2879,0.6001,1.3328,negligible,FALSE,0.2823,0.6001,0.3714,numel(input),10000000,np.argmin(x),n=10000000,5,"[14112714, 30005622, 30005600]",22904521.0,0.4581,1.5641,"np.add(x, y, out=_out)",78203574.0,79555837.0,https://github.com/AIcrowd/mechestim/blob/main/src/mechestim/_pointwise.py#L504,Index of minimum value.
any,Reductions,0.3837,0.5733,0.6001,0.6693,negligible,FALSE,0.2823,0.6001,0.3714,numel(input),10000000,np.any(x),n=10000000,5,"[14112714, 30005622, 30005600]",45611909.0,0.9122,1.5641,"np.add(x, y, out=_out)",78203574.0,79555837.0,https://github.com/AIcrowd/mechestim/blob/main/src/mechestim/_pointwise.py#L515,Test whether any array element is true.
all,Reductions,0.3837,0.5753,0.6001,0.6670,negligible,FALSE,0.2823,0.6001,0.3714,numel(input),10000000,np.all(x),n=10000000,5,"[14112714, 30005622, 30005600]",45766102.0,0.9153,1.5641,"np.add(x, y, out=_out)",78203574.0,79555837.0,https://github.com/AIcrowd/mechestim/blob/main/src/mechestim/_pointwise.py#L512,Test whether all array elements are true.
median,Reductions,0.3837,7.3576,0.6001,0.0522,negligible,FALSE,0.2823,0.6001,0.3714,numel(input),10000000,np.median(x),n=10000000,5,"[14113240, 30006148, 30006126]",585343269.0,11.7069,1.5641,"np.add(x, y, out=_out)",78203574.0,79555837.0,https://github.com/AIcrowd/mechestim/blob/main/src/mechestim/_pointwise.py#L520,Median of array elements (sorts internally).
nanmedian,Reductions,0.3837,7.8619,0.6001,0.0488,negligible,FALSE,0.2823,0.6001,0.3714,numel(input),10000000,np.nanmedian(x),n=10000000,5,"[14113240, 30006148, 30006126]",625461859.0,12.5092,1.5641,"np.add(x, y, out=_out)",78203574.0,79555837.0,https://github.com/AIcrowd/mechestim/blob/main/src/mechestim/_pointwise.py#L527,Median ignoring NaNs.
percentile,Reductions,0.3837,8.4340,0.6001,0.0455,negligible,FALSE,0.2823,0.6001,0.3714,numel(input),10000000,"np.percentile(x, 50)",n=10000000,5,"[14113044, 30005952, 30005930]",670970863.0,13.4194,1.5641,"np.add(x, y, out=_out)",78203574.0,79555837.0,https://github.com/AIcrowd/mechestim/blob/main/src/mechestim/_pointwise.py#L535,q-th percentile of array elements.
nanpercentile,Reductions,0.3837,8.9149,0.6001,0.0430,negligible,FALSE,0.2823,0.6001,0.3714,numel(input),10000000,"np.nanpercentile(x, 50)",n=10000000,5,"[14113044, 30005952, 30005930]",709233569.0,14.1847,1.5641,"np.add(x, y, out=_out)",78203574.0,79555837.0,https://github.com/AIcrowd/mechestim/blob/main/src/mechestim/_pointwise.py#L529,q-th percentile ignoring NaNs.
quantile,Reductions,0.3837,8.4253,0.6001,0.0455,negligible,FALSE,0.2823,0.6001,0.3714,numel(input),10000000,"np.quantile(x, 0.5)",n=10000000,5,"[14113051, 30005959, 30005937]",670284336.0,13.4057,1.5641,"np.add(x, y, out=_out)",78203574.0,79555837.0,https://github.com/AIcrowd/mechestim/blob/main/src/mechestim/_pointwise.py#L536,q-th quantile of array elements.
nanquantile,Reductions,0.3837,8.9023,0.6001,0.0431,negligible,FALSE,0.2823,0.6001,0.3714,numel(input),10000000,"np.nanquantile(x, 0.5)",n=10000000,5,"[14113051, 30005959, 30005937]",708230784.0,14.1646,1.5641,"np.add(x, y, out=_out)",78203574.0,79555837.0,https://github.com/AIcrowd/mechestim/blob/main/src/mechestim/_pointwise.py#L531,q-th quantile ignoring NaNs.
count_nonzero,Reductions,0.3837,0.9680,0.6001,0.3964,negligible,FALSE,0.2823,0.6001,0.3714,numel(input),10000000,np.count_nonzero(x),n=10000000,5,"[14112714, 30005622, 30005600]",77007237.0,1.5401,1.5641,"np.add(x, y, out=_out)",78203574.0,79555837.0,https://github.com/AIcrowd/mechestim/blob/main/src/mechestim/_pointwise.py#L517,Count non-zero elements.
nanargmax,Reductions,0.3837,1.8476,0.6001,0.2077,negligible,FALSE,0.2823,0.6001,0.3714,numel(input),10000000,np.nanargmax(x),n=10000000,5,"[14112714, 30005622, 30005600]",146986547.0,2.9397,1.5641,"np.add(x, y, out=_out)",78203574.0,79555837.0,https://github.com/AIcrowd/mechestim/blob/main/src/mechestim/_pointwise.py#L521,Index of maximum ignoring NaNs.
nanargmin,Reductions,0.3837,1.8424,0.6001,0.2083,negligible,FALSE,0.2823,0.6001,0.3714,numel(input),10000000,np.nanargmin(x),n=10000000,5,"[14112714, 30005622, 30005600]",146575284.0,2.9315,1.5641,"np.add(x, y, out=_out)",78203574.0,79555837.0,https://github.com/AIcrowd/mechestim/blob/main/src/mechestim/_pointwise.py#L522,Index of minimum ignoring NaNs.
partition,Sorting,14.1337,2.2850,22.1061,6.1854,moderate,FALSE,4.6806,22.2648,0.6181,n,10000000,"np.partition(x, 5000000)",n=10000000,5,1105309282,181786730.0,3.6357,1.5641,"np.add(x, y, out=_out)",78203574.0,79555837.0,https://github.com/AIcrowd/mechestim/blob/main/src/mechestim/_sorting_ops.py#L111,Quickselect; cost = n per slice.
argpartition,Sorting,13.8459,2.8642,21.6560,4.8341,moderate,FALSE,4.6340,22.4338,0.6194,n,10000000,"np.argpartition(x, 5000000)",n=10000000,5,1082795142,227860939.0,4.5572,1.5641,"np.add(x, y, out=_out)",78203574.0,79555837.0,https://github.com/AIcrowd/mechestim/blob/main/src/mechestim/_sorting_ops.py#L136,Indirect partition; cost = n per slice.
intersect1d,Sorting,5.2067,0.6046,8.1437,8.6118,moderate,FALSE,7.3801,8.1481,0.0560,(n+m) * ceil(log2(n+m)),500000000,"np.intersect1d(a, b)",n=10000000,5,20359265948,48100279.28,0.0192,1.5641,"np.add(x, y, out=_out)",78203574.0,79555837.0,https://github.com/AIcrowd/mechestim/blob/main/src/mechestim/_sorting_ops.py#L340,Set intersection; cost = (n+m)*ceil(log2(n+m)).
setxor1d,Sorting,5.2067,0.6725,8.1437,7.7423,moderate,FALSE,7.3801,8.1481,0.0560,(n+m) * ceil(log2(n+m)),500000000,"np.setxor1d(a, b)",n=10000000,5,20359265948,53504090.24,0.0214,1.5641,"np.add(x, y, out=_out)",78203574.0,79555837.0,https://github.com/AIcrowd/mechestim/blob/main/src/mechestim/_sorting_ops.py#L389,Symmetric set difference; cost = (n+m)*ceil(log2(n+m)).
argsort,Sorting,3.3538,0.5447,5.2456,6.1572,moderate,FALSE,4.5681,5.2524,0.0783,n * ceil(log2(n)),240000000,np.argsort(x),n=10000000,5,6294647272,43332614.71,0.0361,1.5641,"np.add(x, y, out=_out)",78203574.0,79555837.0,https://github.com/AIcrowd/mechestim/blob/main/src/mechestim/_sorting_ops.py#L62,Indirect sort; cost = n*ceil(log2(n)) per slice.
unique_inverse,Sorting,3.3538,0.9542,5.2456,3.5148,moderate,FALSE,4.5681,5.2524,0.0783,n * ceil(log2(n)),240000000,np.unique_inverse(x),n=10000000,5,6294647272,75912712.62,0.0633,1.5641,"np.add(x, y, out=_out)",78203574.0,79555837.0,https://github.com/AIcrowd/mechestim/blob/main/src/mechestim/_sorting_ops.py#L268,Sort-based unique; cost = n*ceil(log2(n)).
in1d,Sorting,2.9630,1.0723,4.6343,2.7632,moderate,FALSE,3.9540,4.6399,0.0895,(n+m) * ceil(log2(n+m)),500000000,"np.in1d(a, b)",n=10000000,5,11586026801,85311117.12,0.0341,1.5641,"np.add(x, y, out=_out)",78203574.0,79555837.0,https://github.com/AIcrowd/mechestim/blob/main/src/mechestim/_sorting_ops.py#L313,Set membership; cost = (n+m)*ceil(log2(n+m)).
isin,Sorting,2.9630,1.0692,4.6343,2.7712,moderate,FALSE,3.9540,4.6399,0.0895,(n+m) * ceil(log2(n+m)),500000000,"np.isin(a, b)",n=10000000,5,11586026698,85060327.68,0.0340,1.5641,"np.add(x, y, out=_out)",78203574.0,79555837.0,https://github.com/AIcrowd/mechestim/blob/main/src/mechestim/_sorting_ops.py#L326,Set membership; cost = (n+m)*ceil(log2(n+m)).
union1d,Sorting,2.9576,0.4175,4.6259,7.0841,moderate,FALSE,3.6129,4.8040,0.1478,(n+m) * ceil(log2(n+m)),500000000,"np.union1d(a, b)",n=10000000,5,11564832268,33216292.86,0.0133,1.5641,"np.add(x, y, out=_out)",78203574.0,79555837.0,https://github.com/AIcrowd/mechestim/blob/main/src/mechestim/_sorting_ops.py#L357,Set union; cost = (n+m)*ceil(log2(n+m)).
sort,Sorting,2.8185,0.2501,4.4083,11.2695,moderate,FALSE,3.6726,4.4128,0.1023,n * ceil(log2(n)),240000000,np.sort(x),n=10000000,5,5289929132,19897094.75,0.0166,1.5641,"np.add(x, y, out=_out)",78203574.0,79555837.0,https://github.com/AIcrowd/mechestim/blob/main/src/mechestim/_sorting_ops.py#L43,Comparison sort; cost = n*ceil(log2(n)) per slice.
unique,Sorting,2.8185,0.3440,4.4083,8.1933,moderate,FALSE,3.6726,4.4128,0.1023,n * ceil(log2(n)),240000000,np.unique(x),n=10000000,5,5289929132,27364499.71,0.0228,1.5641,"np.add(x, y, out=_out)",78203574.0,79555837.0,https://github.com/AIcrowd/mechestim/blob/main/src/mechestim/_sorting_ops.py#L227,Sort-based unique; cost = n*ceil(log2(n)).
unique_counts,Sorting,2.8185,0.4702,4.4083,5.9943,moderate,FALSE,3.6726,4.4128,0.1023,n * ceil(log2(n)),240000000,np.unique_counts(x),n=10000000,5,5289929137,37408322.33,0.0312,1.5641,"np.add(x, y, out=_out)",78203574.0,79555837.0,https://github.com/AIcrowd/mechestim/blob/main/src/mechestim/_sorting_ops.py#L252,Sort-based unique; cost = n*ceil(log2(n)).
unique_values,Sorting,2.8185,0.3355,4.4083,8.4009,moderate,FALSE,3.6726,4.4128,0.1023,n * ceil(log2(n)),240000000,np.unique_values(x),n=10000000,5,5289929132,26690064.79,0.0222,1.5641,"np.add(x, y, out=_out)",78203574.0,79555837.0,https://github.com/AIcrowd/mechestim/blob/main/src/mechestim/_sorting_ops.py#L284,Sort-based unique; cost = n*ceil(log2(n)).
setdiff1d,Sorting,2.7061,0.7751,4.2325,3.4913,moderate,FALSE,3.5241,4.2369,0.1026,(n+m) * ceil(log2(n+m)),500000000,"np.setdiff1d(a, b)",n=10000000,5,10581308558,61662959.8,0.0247,1.5641,"np.add(x, y, out=_out)",78203574.0,79555837.0,https://github.com/AIcrowd/mechestim/blob/main/src/mechestim/_sorting_ops.py#L372,Set difference; cost = (n+m)*ceil(log2(n+m)).
searchsorted,Sorting,0.9520,1.0636,1.4890,0.8951,baseline,FALSE,0.7557,1.4891,0.3402,m * ceil(log2(n)),240000000,"np.searchsorted(x, q)",n=10000000,5,1786874568,84615237.5,0.0705,1.5641,"np.add(x, y, out=_out)",78203574.0,79555837.0,https://github.com/AIcrowd/mechestim/blob/main/src/mechestim/_sorting_ops.py#L166,Binary search; cost = m*ceil(log2(n)).
lexsort,Sorting,0.4760,0.0534,0.7445,8.9139,negligible,FALSE,0.0118,0.7445,0.8457,k * n * ceil(log2(n)),480000000,"np.lexsort((x, y))",n=10000000,5,1786874568,4245476.25,0.0018,1.5641,"np.add(x, y, out=_out)",78203574.0,79555837.0,https://github.com/AIcrowd/mechestim/blob/main/src/mechestim/_sorting_ops.py#L88,Multi-key sort; cost = k*n*ceil(log2(n)).
unique_all,Sorting,0.4756,0.6681,0.7439,0.7119,negligible,FALSE,0.0118,0.7439,0.8457,n * ceil(log2(n)),240000000,np.unique_all(x),n=10000000,5,892712297,53153166.29,0.0443,1.5641,"np.add(x, y, out=_out)",78203574.0,79555837.0,https://github.com/AIcrowd/mechestim/blob/main/src/mechestim/_sorting_ops.py#L239,Sort-based unique; cost = n*ceil(log2(n)).
fft.hfft,FFT,1.4631,0.4532,2.2884,3.2284,baseline,FALSE,2.2820,2.4201,0.0335,5*n*ceil(log2(n)),104857600,np.fft.hfft(x),n=1048576,5,"[1196410724, 1268822185, 1199738016]",36052414.89,0.0688,1.5641,"np.add(x, y, out=_out)",78203574.0,79555837.0,https://github.com/AIcrowd/mechestim/blob/main/src/mechestim/fft/_transforms.py#L443,FFT of Hermitian-symmetric signal. Cost: 5*n_out*ceil(log2(n_out)) (Cooley-Tukey radix-2; Van Loan 1992 §1.4).
fft.ifft,FFT,0.8613,0.1583,1.3471,5.4409,baseline,FALSE,1.3408,1.4789,0.0561,5*n*ceil(log2(n)),104857600,np.fft.ifft(x),n=1048576,5,"[702967029, 775378490, 706294321]",12595560.65,0.0240,1.5641,"np.add(x, y, out=_out)",78203574.0,79555837.0,https://github.com/AIcrowd/mechestim/blob/main/src/mechestim/fft/_transforms.py#L189,Inverse 1-D complex FFT. Cost: 5*n*ceil(log2(n)) (Cooley-Tukey radix-2; Van Loan 1992 §1.4).
fft.irfft,FFT,0.6609,0.1839,1.0337,3.5938,baseline,FALSE,1.0297,1.0361,0.0031,5*(n/2)*ceil(log2(n)),52428800,np.fft.irfft(x),n=1048576,5,"[269929011, 271594764, 270975169]",14628237.53,0.0558,1.5641,"np.add(x, y, out=_out)",78203574.0,79555837.0,https://github.com/AIcrowd/mechestim/blob/main/src/mechestim/fft/_transforms.py#L221,Inverse 1-D real FFT. Cost: 5*(n//2)*ceil(log2(n)) (Cooley-Tukey radix-2; Van Loan 1992 §1.4).
fft.irfft2,FFT,0.5761,0.0877,0.9011,6.5690,baseline,FALSE,0.8970,0.9034,0.0036,5*(n/2)*ceil(log2(n)),52428800,np.fft.irfft2(x),n=1024x1024,5,"[235152977, 236818730, 236199135]",6976703.07,0.0266,1.5641,"np.add(x, y, out=_out)",78203574.0,79555837.0,https://github.com/AIcrowd/mechestim/blob/main/src/mechestim/fft/_transforms.py#L314,"Inverse 2-D real FFT. Cost: 5*(N//2)*ceil(log2(N)), N=prod(s) (Cooley-Tukey radix-2; Van Loan 1992 §1.4)."
fft.irfftn,FFT,0.5761,0.0893,0.9011,6.4513,baseline,FALSE,0.8970,0.9034,0.0036,5*(n/2)*ceil(log2(n)),52428800,np.fft.irfftn(x),n=1024x1024,5,"[235152977, 236818730, 236199135]",7101255.61,0.0271,1.5641,"np.add(x, y, out=_out)",78203574.0,79555837.0,https://github.com/AIcrowd/mechestim/blob/main/src/mechestim/fft/_transforms.py#L423,"Inverse N-D real FFT. Cost: 5*(N//2)*ceil(log2(N)), N=prod(s) (Cooley-Tukey radix-2; Van Loan 1992 §1.4)."
fft.fft,FFT,0.5340,0.1992,0.8352,2.6807,baseline,FALSE,0.8320,1.0025,0.1096,5*n*ceil(log2(n)),104857600,np.fft.fft(x),n=1048576,5,"[436193036, 525618471, 437858789]",15851442.24,0.0302,1.5641,"np.add(x, y, out=_out)",78203574.0,79555837.0,https://github.com/AIcrowd/mechestim/blob/main/src/mechestim/fft/_transforms.py#L173,1-D complex FFT. Cost: 5*n*ceil(log2(n)) (Cooley-Tukey radix-2; Van Loan 1992 §1.4).
fft.rfft,FFT,0.5338,0.1772,0.8349,3.0124,baseline,FALSE,0.8285,1.1696,0.2067,5*(n/2)*ceil(log2(n)),52428800,np.fft.rfft(x),n=1048576,5,"[217178496, 306603931, 218844249]",14098160.36,0.0538,1.5641,"np.add(x, y, out=_out)",78203574.0,79555837.0,https://github.com/AIcrowd/mechestim/blob/main/src/mechestim/fft/_transforms.py#L205,1-D real FFT. Cost: 5*(n//2)*ceil(log2(n)) (Cooley-Tukey radix-2; Van Loan 1992 §1.4).
fft.ifft2,FFT,0.5008,0.1044,0.7833,4.7969,baseline,FALSE,0.7769,0.9150,0.0945,5*n*ceil(log2(n)),104857600,np.fft.ifft2(x),n=1024x1024,5,"[407335884, 479747345, 410663176]",8303251.93,0.0158,1.5641,"np.add(x, y, out=_out)",78203574.0,79555837.0,https://github.com/AIcrowd/mechestim/blob/main/src/mechestim/fft/_transforms.py#L265,"Inverse 2-D complex FFT. Cost: 5*N*ceil(log2(N)), N=prod(s) (Cooley-Tukey radix-2; Van Loan 1992 §1.4)."
fft.ifftn,FFT,0.5008,0.1019,0.7833,4.9146,baseline,FALSE,0.7769,0.9150,0.0945,5*n*ceil(log2(n)),104857600,np.fft.ifftn(x),n=1024x1024,5,"[407335884, 479747345, 410663176]",8109132.77,0.0155,1.5641,"np.add(x, y, out=_out)",78203574.0,79555837.0,https://github.com/AIcrowd/mechestim/blob/main/src/mechestim/fft/_transforms.py#L363,"Inverse N-D complex FFT. Cost: 5*N*ceil(log2(N)), N=prod(s) (Cooley-Tukey radix-2; Van Loan 1992 §1.4)."
fft.fft2,FFT,0.4612,0.1021,0.7214,4.5171,negligible,FALSE,0.7181,0.8887,0.1257,5*n*ceil(log2(n)),104857600,np.fft.fft2(x),n=1024x1024,5,"[376491531, 465916966, 378157284]",8125948.62,0.0155,1.5641,"np.add(x, y, out=_out)",78203574.0,79555837.0,https://github.com/AIcrowd/mechestim/blob/main/src/mechestim/fft/_transforms.py#L242,"2-D complex FFT. Cost: 5*N*ceil(log2(N)), N=prod(s) (Cooley-Tukey radix-2; Van Loan 1992 §1.4)."
fft.fftn,FFT,0.4612,0.1065,0.7214,4.3305,negligible,FALSE,0.7181,0.8887,0.1257,5*n*ceil(log2(n)),104857600,np.fft.fftn(x),n=1024x1024,5,"[376491531, 465916966, 378157284]",8473803.42,0.0162,1.5641,"np.add(x, y, out=_out)",78203574.0,79555837.0,https://github.com/AIcrowd/mechestim/blob/main/src/mechestim/fft/_transforms.py#L339,"N-D complex FFT. Cost: 5*N*ceil(log2(N)), N=prod(s) (Cooley-Tukey radix-2; Van Loan 1992 §1.4)."
fft.rfft2,FFT,0.4523,0.0832,0.7074,5.4363,negligible,FALSE,0.7010,1.0421,0.2389,5*(n/2)*ceil(log2(n)),52428800,np.fft.rfft2(x),n=1024x1024,5,"[183765651, 273191086, 185431404]",6617389.49,0.0252,1.5641,"np.add(x, y, out=_out)",78203574.0,79555837.0,https://github.com/AIcrowd/mechestim/blob/main/src/mechestim/fft/_transforms.py#L288,"2-D real FFT. Cost: 5*(N//2)*ceil(log2(N)), N=prod(s) (Cooley-Tukey radix-2; Van Loan 1992 §1.4)."
fft.rfftn,FFT,0.4523,0.0825,0.7074,5.4824,negligible,FALSE,0.7010,1.0421,0.2389,5*(n/2)*ceil(log2(n)),52428800,np.fft.rfftn(x),n=1024x1024,5,"[183765651, 273191086, 185431404]",6564556.69,0.0250,1.5641,"np.add(x, y, out=_out)",78203574.0,79555837.0,https://github.com/AIcrowd/mechestim/blob/main/src/mechestim/fft/_transforms.py#L387,"N-D real FFT. Cost: 5*(N//2)*ceil(log2(N)), N=prod(s) (Cooley-Tukey radix-2; Van Loan 1992 §1.4)."
fft.ihfft,FFT,0.2733,0.0902,0.4275,3.0299,negligible,FALSE,0.4242,0.5948,0.2024,5*(n/2)*ceil(log2(n)),104857600,np.fft.ihfft(x),n=1048576,5,"[222421386, 311846821, 224087139]",7178545.57,0.0137,1.5641,"np.add(x, y, out=_out)",78203574.0,79555837.0,https://github.com/AIcrowd/mechestim/blob/main/src/mechestim/fft/_transforms.py#L462,Inverse FFT of Hermitian signal. Cost: 5*n*ceil(log2(n)) (Cooley-Tukey radix-2; Van Loan 1992 §1.4).
linalg.pinv,Linalg,7.1872,0.1769,11.2413,40.6286,moderate,FALSE,10.4173,11.3293,0.0458,"m*n*min(m,n)",1073741824,np.linalg.pinv(A),n=1024 (1024x1024),5,"[60351562950, 60823627962, 55927335446]",14071646.17,0.0026,1.5641,"np.add(x, y, out=_out)",78203574.0,79555837.0,https://github.com/AIcrowd/mechestim/blob/main/src/mechestim/linalg/_solvers.py#L187,"Pseudoinverse. Cost: m*n*min(m,n) (via SVD)."
linalg.svd,Linalg,5.9042,0.1730,9.2346,34.1283,moderate,FALSE,8.4104,9.3224,0.0560,"m*n*min(m,n)",1073741824,np.linalg.svd(A),n=1024 (1024x1024),5,"[49577434245, 50049499257, 45153206741]",13759526.69,0.0026,1.5641,"np.add(x, y, out=_out)",78203574.0,79555837.0,https://github.com/AIcrowd/mechestim/blob/main/src/mechestim/linalg/_svd.py#L67,"Singular value decomposition; cost ~ O(min(m,n)*m*n)."
linalg.eigh,Linalg,2.3185,0.0541,3.6263,42.8558,moderate,FALSE,3.6092,3.6330,0.0034,4*n^3 / 3,1431655765,np.linalg.eigh(A),n=1024 (1024x1024),5,"[26005793792, 25835547902, 25958187457]",4306719.4,0.0006,1.5641,"np.add(x, y, out=_out)",78203574.0,79555837.0,https://github.com/AIcrowd/mechestim/blob/main/src/mechestim/linalg/_decompositions.py#L165,Symmetric eigendecomposition. Cost: $(4/3)n^3$ (Golub & Van Loan §8.3).
linalg.lstsq,Linalg,1.9782,0.1129,3.0940,17.5217,baseline,FALSE,3.0906,3.4283,0.0605,"m*n*min(m,n)",1073741824,"np.linalg.lstsq(A, b, rcond=None)",n=1024 (1024x1024),5,"[16592478241, 16610822013, 18405619962]",8983680.43,0.0017,1.5641,"np.add(x, y, out=_out)",78203574.0,79555837.0,https://github.com/AIcrowd/mechestim/blob/main/src/mechestim/linalg/_solvers.py#L147,"Least squares. Cost: m*n*min(m,n) (LAPACK gelsd/SVD)."
linalg.svdvals,Linalg,1.8834,0.0954,2.9458,19.7421,baseline,FALSE,2.9398,3.3320,0.0731,"m*n*min(m,n)",1073741824,np.linalg.svdvals(A),n=1024 (1024x1024),5,"[15783177920, 15814995302, 17888344696]",7588452.49,0.0014,1.5641,"np.add(x, y, out=_out)",78203574.0,79555837.0,https://github.com/AIcrowd/mechestim/blob/main/src/mechestim/linalg/_decompositions.py#L281,"Singular values only. Cost: m*n*min(m,n) (Golub-Reinsch)."
linalg.inv,Linalg,1.7448,0.0296,2.7290,58.9459,baseline,FALSE,2.7286,3.1300,0.0809,n^3,1073741824,np.linalg.inv(A),n=1024 (1024x1024),5,"[14649280230, 14651377382, 16804180716]",2355646.84,0.0004,1.5641,"np.add(x, y, out=_out)",78203574.0,79555837.0,https://github.com/AIcrowd/mechestim/blob/main/src/mechestim/linalg/_solvers.py#L101,Matrix inverse. Cost: $n^3$ (LU + solve).
linalg.qr,Linalg,1.3332,0.0356,2.0852,37.4494,baseline,FALSE,2.0850,2.3860,0.0795,2*m*n^2 - 2*n^3/3,1431655766,np.linalg.qr(A),n=1024 (1024x1024),5,"[14924951925, 14927049077, 17079852411]",2829177.74,0.0004,1.5641,"np.add(x, y, out=_out)",78203574.0,79555837.0,https://github.com/AIcrowd/mechestim/blob/main/src/mechestim/linalg/_decompositions.py#L87,QR decomposition. Cost: $2mn^2 - (2/3)n^3$ (Golub & Van Loan §5.2).
linalg.cholesky,Linalg,1.0699,0.0252,1.6734,42.4563,baseline,FALSE,1.6734,1.6743,0.0003,n^3 / 3,357913941,np.linalg.cholesky(A),n=1024 (1024x1024),5,"[2994621377, 2996287162, 2994621377]",2005336.56,0.0011,1.5641,"np.add(x, y, out=_out)",78203574.0,79555837.0,https://github.com/AIcrowd/mechestim/blob/main/src/mechestim/linalg/_decompositions.py#L46,Cholesky decomposition. Cost: $n^3/3$ (Golub & Van Loan §4.2).
linalg.eig,Linalg,0.9604,0.0465,1.5021,20.6538,baseline,FALSE,1.2627,1.5597,0.1093,10*n^3,10737418240,np.linalg.eig(A),n=1024 (1024x1024),5,"[83737063935, 80643259067, 67791238906]",3697356.06,0.0001,1.5641,"np.add(x, y, out=_out)",78203574.0,79555837.0,https://github.com/AIcrowd/mechestim/blob/main/src/mechestim/linalg/_decompositions.py#L127,"Eigendecomposition. Cost: $10n^3$ (Francis QR, Golub & Van Loan §7.5)."
linalg.eigvalsh,Linalg,0.8071,0.0284,1.2624,28.4190,baseline,FALSE,1.2621,1.2624,0.0002,4*n^3 / 3,1431655765,np.linalg.eigvalsh(A),n=1024 (1024x1024),5,"[9036696552, 9036948347, 9034216912]",2261230.32,0.0003,1.5641,"np.add(x, y, out=_out)",78203574.0,79555837.0,https://github.com/AIcrowd/mechestim/blob/main/src/mechestim/linalg/_decompositions.py#L243,Symmetric eigenvalues. Cost: $(4/3)n^3$ (same as eigh).
linalg.det,Linalg,0.6923,0.0366,1.0828,18.9153,baseline,FALSE,1.0822,1.6843,0.2708,2*n^3 / 3,715827882,np.linalg.det(A),n=1024 (1024x1024),5,"[3873313637, 3875410789, 6028214516]",2913157.38,0.0008,1.5641,"np.add(x, y, out=_out)",78203574.0,79555837.0,https://github.com/AIcrowd/mechestim/blob/main/src/mechestim/linalg/_properties.py#L87,Determinant. Cost: $n^3$ (LU factorization).
linalg.slogdet,Linalg,0.6923,0.0368,1.0828,18.8125,baseline,FALSE,1.0822,1.6843,0.2708,2*n^3 / 3,715827882,np.linalg.slogdet(A),n=1024 (1024x1024),5,"[3873313510, 3875410662, 6028214506]",2928816.92,0.0008,1.5641,"np.add(x, y, out=_out)",78203574.0,79555837.0,https://github.com/AIcrowd/mechestim/blob/main/src/mechestim/linalg/_properties.py#L134,Sign + log determinant. Cost: $n^3$ (LU factorization).
linalg.eigvals,Linalg,0.6520,0.0515,1.0198,12.6602,baseline,FALSE,0.9952,1.0601,0.0320,7*n^3,7516192768,np.linalg.eigvals(A),n=1024 (1024x1024),5,"[39840860890, 38321622007, 37399514796]",4098223.41,0.0001,1.5641,"np.add(x, y, out=_out)",78203574.0,79555837.0,https://github.com/AIcrowd/mechestim/blob/main/src/mechestim/linalg/_decompositions.py#L207,Eigenvalues only. Cost: $10n^3$ (same as eig).
linalg.solve,Linalg,0.6455,0.0197,1.0096,32.7665,baseline,FALSE,1.0090,1.6093,0.2865,2*n^3/3 + 2*n^2,717925034,"np.linalg.solve(A, b)",n=1024 (1024x1024),5,"[3621815480, 3623912632, 5776715966]",1565824.62,0.0004,1.5641,"np.add(x, y, out=_out)",78203574.0,79555837.0,https://github.com/AIcrowd/mechestim/blob/main/src/mechestim/linalg/_solvers.py#L54,Solve Ax=b. Cost: $2n^3/3$ (LU) + $n^2 \cdot n_{\text{rhs}}$ (back-substitution).
inner,Contractions,1.0598,0.0960,1.6576,11.0396,baseline,FALSE,1.3486,1.6580,0.1148,2*N,20000,"np.inner(a, b)",a(10000) . b(10000),5,"[134856, 165798, 165766]",7641000.0,76.4100,1.5641,"np.add(x, y, out=_out)",78203574.0,79555837.0,https://github.com/AIcrowd/mechestim/blob/main/src/mechestim/_pointwise.py#L649,"Inner product; cost = 2*N for 1-D, 2*N*M for n-D."
vdot,Contractions,1.0598,0.0928,1.6576,11.4203,baseline,FALSE,1.3486,1.6580,0.1148,2*N,20000,"np.vdot(a, b)",a(10000) . b(10000),5,"[134856, 165798, 165766]",7384500.0,73.8450,1.5641,"np.add(x, y, out=_out)",78203574.0,79555837.0,https://github.com/AIcrowd/mechestim/blob/main/src/mechestim/_pointwise.py#L707,Dot product with conjugation; cost = 2*N.
vecdot,Contractions,1.0443,0.1552,1.6334,6.7287,baseline,FALSE,1.3156,1.6333,0.1201,2*batch*N,1024000,"np.vecdot(A, B)","A(1000,512) . B(1000,512)",5,"[6735691, 8362633, 8362601]",12345019.53,2.4111,1.5641,"np.add(x, y, out=_out)",78203574.0,79555837.0,https://github.com/AIcrowd/mechestim/blob/main/src/mechestim/_pointwise.py#L455,Vector dot product along last axis.
tensordot,Contractions,0.6494,0.0082,1.0157,79.1951,baseline,FALSE,1.0157,1.0158,0.0000,"2*d^5 (axes=1, shape=(d,d,d))",2147483648,"np.tensordot(A, B, axes=1)","A(64,64,64) . B(64,64,64) axes=1",5,"[10905935881, 10906768952, 10906768920]",653466.61,0.0001,1.5641,"np.add(x, y, out=_out)",78203574.0,79555837.0,https://github.com/AIcrowd/mechestim/blob/main/src/mechestim/linalg/__init__.py#L74,Tensor dot product along specified axes.
dot,Contractions,0.6426,0.0011,1.0051,584.1818,baseline,FALSE,1.0045,1.0051,0.0004,2*M*N*K,268435456,"np.dot(A, B)","A(512,512) x B(512,512)",5,"[1348165611, 1348998682, 1348998650]",90394.62,0.0001,1.5641,"np.add(x, y, out=_out)",78203574.0,79555837.0,https://github.com/AIcrowd/mechestim/blob/main/src/mechestim/_pointwise.py#L587,Dot product; cost = 2*M*N*K for matrix multiply.
matmul,Contractions,0.6426,0.0009,1.0051,714.0000,baseline,FALSE,1.0045,1.0051,0.0004,2*M*N*K,268435456,"np.matmul(A, B)","A(512,512) x B(512,512)",5,"[1348165611, 1348998682, 1348998650]",74468.81,0.0001,1.5641,"np.add(x, y, out=_out)",78203574.0,79555837.0,https://github.com/AIcrowd/mechestim/blob/main/src/mechestim/_pointwise.py#L623,Matrix multiplication; cost = 2*M*N*K.
einsum,Contractions,0.6401,0.0911,1.0012,7.0263,baseline,FALSE,1.0006,1.0012,0.0004,"2*M*N*K (ij,jk->ik)",268435456,"np.einsum('ij,jk->ik', A, B)","A(512,512) x B(512,512) 'ij,jk->ik'",5,"[1342922706, 1343755777, 1343755745]",7249094.99,0.0054,1.5641,"np.add(x, y, out=_out)",78203574.0,79555837.0,https://github.com/AIcrowd/mechestim/blob/main/src/mechestim/_einsum.py#L135,Generalized Einstein summation.
kron,Contractions,0.6396,1.2545,1.0004,0.5098,baseline,FALSE,1.0002,1.0004,0.0001,"d^4 (Kronecker, shape=(d,d)x(d,d))",16777216,"np.kron(A, B)","A(64,64) x B(64,64)",5,"[83903620, 83916289, 83916257]",99804935.46,1.1898,1.5641,"np.add(x, y, out=_out)",78203574.0,79555837.0,https://github.com/AIcrowd/mechestim/blob/main/src/mechestim/_pointwise.py#L723,Kronecker product; cost proportional to output size.
outer,Contractions,0.6395,1.2424,1.0002,0.5147,baseline,FALSE,1.0002,1.0003,0.0001,M*N,25000000,"np.outer(a, b)",a(5000) x b(5000),5,"[125020031, 125035633, 125035601]",98839930.4,0.7907,1.5641,"np.add(x, y, out=_out)",78203574.0,79555837.0,https://github.com/AIcrowd/mechestim/blob/main/src/mechestim/_pointwise.py#L665,Outer product of two vectors; cost = M*N.
polyder,Polynomial,8.7873,33.1453,13.7440,0.2651,moderate,FALSE,13.4940,13.7540,0.0108,degree,100,np.polyder(c),"n=1000000, degree=100",5,6872,2636900000.0,5273800.0000,1.5641,"np.add(x, y, out=_out)",78203574.0,79555837.0,https://github.com/AIcrowd/mechestim/blob/main/src/mechestim/_polynomial.py#L127,Differentiate polynomial. Cost: n FLOPs.
polyadd,Polynomial,8.2015,14.6407,12.8277,0.5602,moderate,FALSE,12.6733,12.8693,0.0081,degree + 1,101,"np.polyadd(c, d)","n=1000000, degree=100",5,6478,1164752475.25,2306440.5450,1.5641,"np.add(x, y, out=_out)",78203574.0,79555837.0,https://github.com/AIcrowd/mechestim/blob/main/src/mechestim/_polynomial.py#L96,"Add two polynomials. Cost: max(n1, n2) FLOPs."
polysub,Polynomial,8.2015,14.3930,12.8277,0.5698,moderate,FALSE,12.6733,12.8693,0.0081,degree + 1,101,"np.polysub(c, d)","n=1000000, degree=100",5,6478,1145049504.95,2267424.7623,1.5641,"np.add(x, y, out=_out)",78203574.0,79555837.0,https://github.com/AIcrowd/mechestim/blob/main/src/mechestim/_polynomial.py#L113,"Difference (subtraction) of two polynomials. Cost: max(n1, n2) FLOPs."
polyint,Polynomial,8.1608,44.0885,12.7641,0.1851,moderate,FALSE,12.5140,12.7740,0.0116,degree,100,np.polyint(c),"n=1000000, degree=100",5,6382,3507500000.0,7015000.0000,1.5641,"np.add(x, y, out=_out)",78203574.0,79555837.0,https://github.com/AIcrowd/mechestim/blob/main/src/mechestim/_polynomial.py#L140,Integrate polynomial. Cost: n FLOPs.
polymul,Polynomial,1.6769,0.9725,2.6228,1.7243,baseline,FALSE,2.6212,2.6232,0.0004,(degree+1)^2,10201,"np.polymul(c, d)","n=1000000, degree=100",5,133773,77367905.11,1516.8690,1.5641,"np.add(x, y, out=_out)",78203574.0,79555837.0,https://github.com/AIcrowd/mechestim/blob/main/src/mechestim/_polynomial.py#L158,Multiply polynomials. Cost: n1 * n2 FLOPs.
poly,Polynomial,1.3803,13.1276,2.1589,0.1051,baseline,FALSE,2.1574,2.1594,0.0005,degree^2,10000,np.poly(r),"n=1000000, degree=100",5,107947,1044374000.0,20887.4800,1.5641,"np.add(x, y, out=_out)",78203574.0,79555837.0,https://github.com/AIcrowd/mechestim/blob/main/src/mechestim/_polynomial.py#L204,Polynomial from roots. Cost: $n^2$ FLOPs.
polyfit,Polynomial,0.7578,0.1016,1.1853,7.4587,baseline,FALSE,1.1852,1.1852,0.0000,2 * n * (degree+1)^2,20402000000,"np.polyfit(x, y, 100)","n=1000000, degree=100",5,120900890185,8083570.0,0.0001,1.5641,"np.add(x, y, out=_out)",78203574.0,79555837.0,https://github.com/AIcrowd/mechestim/blob/main/src/mechestim/_polynomial.py#L187,Least squares polynomial fit. Cost: 2 * m * (deg+1)^2 FLOPs.
roots,Polynomial,0.6889,0.2514,1.0775,2.7403,baseline,FALSE,1.0351,1.0946,0.0287,10 * degree^3,10000000,np.roots(c),"n=1000000, degree=100",5,53876357,19997810.0,0.4000,1.5641,"np.add(x, y, out=_out)",78203574.0,79555837.0,https://github.com/AIcrowd/mechestim/blob/main/src/mechestim/_polynomial.py#L217,Return roots of polynomial with given coefficients. Cost: $10n^3$ FLOPs (companion matrix eig).
polyval,Polynomial,0.6467,0.3854,1.0115,1.6780,baseline,FALSE,1.0114,1.0114,0.0000,2 * n * degree,200000000,"np.polyval(c, x)","n=1000000, degree=100",5,1011416473,30661118.25,0.0307,1.5641,"np.add(x, y, out=_out)",78203574.0,79555837.0,https://github.com/AIcrowd/mechestim/blob/main/src/mechestim/_polynomial.py#L78,Evaluate polynomial at given points. Cost: 2 * m * deg FLOPs (Horner's method).
polydiv,Polynomial,0.1013,2.4191,0.1584,0.0419,negligible,FALSE,0.1569,0.1589,0.0065,(degree+1)^2,10201,"np.polydiv(c, d)","n=1000000, degree=100",5,8083,192453681.01,3773.2317,1.5641,"np.add(x, y, out=_out)",78203574.0,79555837.0,https://github.com/AIcrowd/mechestim/blob/main/src/mechestim/_polynomial.py#L174,Divide one polynomial by another. Cost: n1 * n2 FLOPs.
random.hypergeometric,Random,367.3772,154.5017,574.6042,2.3778,extreme,FALSE,574.5634,574.6102,0.0000,numel(output),10000000,"np.random.hypergeometric(100, 50, 20, 10000000)",n=10000000,5,"[28728167999, 28730212282, 28730510660]",12291515131.0,245.8303,1.5641,"np.add(x, y, out=_out)",78203574.0,79555837.0,https://github.com/AIcrowd/mechestim/blob/main/src/mechestim/random/__init__.py#L123,Sampling; cost = numel(output).
random.multivariate_normal,Random,289.6739,145.1286,453.0707,1.9960,extreme,FALSE,453.0704,453.0788,0.0000,numel(output),10000000,"np.random.multivariate_normal(_mean, _cov, 10000000)",n=10000000,5,"[22653520673, 22653940037, 22653531581]",11545830477.0,230.9166,1.5641,"np.add(x, y, out=_out)",78203574.0,79555837.0,https://github.com/AIcrowd/mechestim/blob/main/src/mechestim/random/__init__.py#L151,Sampling; cost = numel(output).
random.zipf,Random,147.6913,70.9544,230.9998,2.0815,extreme,FALSE,230.9941,231.0079,0.0000,numel(output),10000000,"np.random.zipf(2.0, 10000000)",n=10000000,5,"[11549704270, 11550397463, 11549989220]",5644835419.0,112.8967,1.5641,"np.add(x, y, out=_out)",78203574.0,79555837.0,https://github.com/AIcrowd/mechestim/blob/main/src/mechestim/random/__init__.py#L133,Sampling; cost = numel(output).
random.noncentral_chisquare,Random,95.9945,50.3997,150.1423,1.9047,heavy,FALSE,150.1417,150.1449,0.0000,numel(output),10000000,"np.random.noncentral_chisquare(2, 1.0, 10000000)",n=10000000,5,"[7507086686, 7507243733, 7507109427]",4009590732.0,80.1918,1.5641,"np.add(x, y, out=_out)",78203574.0,79555837.0,https://github.com/AIcrowd/mechestim/blob/main/src/mechestim/random/__init__.py#L143,Sampling; cost = numel(output).
random.negative_binomial,Random,90.6636,80.3560,141.8044,1.1283,heavy,FALSE,141.7893,141.8084,0.0001,numel(output),10000000,"np.random.negative_binomial(10, 0.5, 10000000)",n=10000000,5,"[7090421823, 7089463537, 7090216493]",6392790001.0,127.8558,1.5641,"np.add(x, y, out=_out)",78203574.0,79555837.0,https://github.com/AIcrowd/mechestim/blob/main/src/mechestim/random/__init__.py#L124,Sampling; cost = numel(output).
random.multinomial,Random,87.5909,70.9323,136.9984,1.2349,heavy,FALSE,136.9979,136.9991,0.0000,numel(output),10000000,"np.random.multinomial(10, [0.2, 0.3, 0.5], 10000000)",n=10000000,5,"[6849895780, 6849923939, 6849953413]",5643076974.0,112.8615,1.5641,"np.add(x, y, out=_out)",78203574.0,79555837.0,https://github.com/AIcrowd/mechestim/blob/main/src/mechestim/random/__init__.py#L149,Sampling; cost = numel(output).
random.noncentral_f,Random,77.2939,60.0371,120.8932,1.2874,heavy,FALSE,120.8879,120.9017,0.0001,numel(output),10000000,"np.random.noncentral_f(5, 10, 1.0, 10000000)",n=10000000,5,"[6044661873, 6045085500, 6044395872]",4776301781.0,95.5260,1.5641,"np.add(x, y, out=_out)",78203574.0,79555837.0,https://github.com/AIcrowd/mechestim/blob/main/src/mechestim/random/__init__.py#L145,Sampling; cost = numel(output).
random.dirichlet,Random,77.2609,62.3552,120.8416,1.2390,heavy,FALSE,120.8397,120.8477,0.0000,numel(output),10000000,"np.random.dirichlet([1.0, 2.0, 3.0], 10000000)",n=10000000,5,"[6042074628, 6042384964, 6041985649]",4960717016.0,99.2143,1.5641,"np.add(x, y, out=_out)",78203574.0,79555837.0,https://github.com/AIcrowd/mechestim/blob/main/src/mechestim/random/__init__.py#L153,Sampling; cost = numel(output).
random.power,Random,70.3696,31.0821,110.0631,2.2640,heavy,FALSE,110.0626,110.0640,0.0000,numel(output),10000000,"np.random.power(5.0, 10000000)",n=10000000,5,"[5503152403, 5503197878, 5503129844]",2472763246.0,49.4553,1.5641,"np.add(x, y, out=_out)",78203574.0,79555837.0,https://github.com/AIcrowd/mechestim/blob/main/src/mechestim/random/__init__.py#L126,Sampling; cost = numel(output).
random.vonmises,Random,66.7742,52.8117,104.4396,1.2644,heavy,FALSE,104.4386,104.4455,0.0000,numel(output),10000000,"np.random.vonmises(0.0, 1.0, 10000000)",n=10000000,5,"[5221929713, 5222273571, 5221982547]",4201477550.0,84.0296,1.5641,"np.add(x, y, out=_out)",78203574.0,79555837.0,https://github.com/AIcrowd/mechestim/blob/main/src/mechestim/random/__init__.py#L138,Sampling; cost = numel(output).
random.f,Random,59.7266,48.3451,93.4167,1.2354,heavy,FALSE,93.4145,93.4171,0.0000,numel(output),10000000,"np.random.f(5, 10, 10000000)",n=10000000,5,"[4670856280, 4670836268, 4670726935]",3846137903.0,76.9228,1.5641,"np.add(x, y, out=_out)",78203574.0,79555837.0,https://github.com/AIcrowd/mechestim/blob/main/src/mechestim/random/__init__.py#L146,Sampling; cost = numel(output).
random.weibull,Random,56.9431,24.3228,89.0631,2.3411,heavy,FALSE,89.0626,89.0640,0.0000,numel(output),10000000,"np.random.weibull(2.0, 10000000)",n=10000000,5,"[4453152403, 4453197878, 4453129844]",1935018239.0,38.7004,1.5641,"np.add(x, y, out=_out)",78203574.0,79555837.0,https://github.com/AIcrowd/mechestim/blob/main/src/mechestim/random/__init__.py#L132,Sampling; cost = numel(output).
random.beta,Random,56.6401,48.8709,88.5892,1.1590,heavy,FALSE,88.5849,88.5896,0.0000,numel(output),10000000,"np.random.beta(2.0, 5.0, 10000000)",n=10000000,5,"[4429481342, 4429455931, 4429244623]",3887968096.0,77.7594,1.5641,"np.add(x, y, out=_out)",78203574.0,79555837.0,https://github.com/AIcrowd/mechestim/blob/main/src/mechestim/random/__init__.py#L147,Sampling; cost = numel(output).
random.standard_t,Random,45.4818,37.1390,71.1368,1.2246,heavy,FALSE,71.1351,71.1382,0.0000,numel(output),10000000,"np.random.standard_t(3, 10000000)",n=10000000,5,"[3556911442, 3556755305, 3556838279]",2954624351.0,59.0925,1.5641,"np.add(x, y, out=_out)",78203574.0,79555837.0,https://github.com/AIcrowd/mechestim/blob/main/src/mechestim/random/__init__.py#L130,Sampling; cost = numel(output).
random.gumbel,Random,33.1563,15.8963,51.8588,2.0858,heavy,FALSE,51.8576,51.8591,0.0000,numel(output),10000000,"np.random.gumbel(0.0, 1.0, 10000000)",n=10000000,5,"[2592939021, 2592956871, 2592879147]",1264644174.0,25.2929,1.5641,"np.add(x, y, out=_out)",78203574.0,79555837.0,https://github.com/AIcrowd/mechestim/blob/main/src/mechestim/random/__init__.py#L134,Sampling; cost = numel(output).
random.pareto,Random,31.3688,15.0142,49.0630,2.0893,heavy,FALSE,49.0626,49.0640,0.0000,numel(output),10000000,"np.random.pareto(3.0, 10000000)",n=10000000,5,"[2453152403, 2453197878, 2453129844]",1194471074.0,23.8894,1.5641,"np.add(x, y, out=_out)",78203574.0,79555837.0,https://github.com/AIcrowd/mechestim/blob/main/src/mechestim/random/__init__.py#L127,Sampling; cost = numel(output).
random.standard_cauchy,Random,29.1635,25.7502,45.6138,1.1326,heavy,FALSE,45.6134,45.6178,0.0001,numel(output),10000000,np.random.standard_cauchy(10000000),n=10000000,5,"[2280668133, 2280891086, 2280689187]",2048577960.0,40.9716,1.5641,"np.add(x, y, out=_out)",78203574.0,79555837.0,https://github.com/AIcrowd/mechestim/blob/main/src/mechestim/random/__init__.py#L129,Sampling; cost = numel(output).
random.gamma,Random,28.4702,24.6317,44.5294,1.1558,heavy,FALSE,44.5286,44.5302,0.0000,numel(output),10000000,"np.random.gamma(2.0, 1.0, 10000000)",n=10000000,5,"[2226429576, 2226474688, 2226509004]",1959594729.0,39.1919,1.5641,"np.add(x, y, out=_out)",78203574.0,79555837.0,https://github.com/AIcrowd/mechestim/blob/main/src/mechestim/random/__init__.py#L148,Sampling; cost = numel(output).
random.lognormal,Random,28.3281,21.4839,44.3072,1.3186,heavy,FALSE,44.3069,44.3078,0.0000,numel(output),10000000,"np.random.lognormal(0.0, 1.0, 10000000)",n=10000000,5,"[2215356846, 2215388740, 2215346023]",1709172161.0,34.1834,1.5641,"np.add(x, y, out=_out)",78203574.0,79555837.0,https://github.com/AIcrowd/mechestim/blob/main/src/mechestim/random/__init__.py#L137,Sampling; cost = numel(output).
random.poisson,Random,28.1315,37.9288,43.9997,0.7417,heavy,FALSE,43.9978,44.0017,0.0000,numel(output),10000000,"np.random.poisson(5.0, 10000000)",n=10000000,5,"[2200085081, 2199889565, 2199980697]",3017458111.0,60.3492,1.5641,"np.add(x, y, out=_out)",78203574.0,79555837.0,https://github.com/AIcrowd/mechestim/blob/main/src/mechestim/random/__init__.py#L120,Sampling; cost = numel(output).
random.logseries,Random,27.8266,22.5066,43.5228,1.2364,heavy,FALSE,43.5215,43.5293,0.0001,numel(output),10000000,"np.random.logseries(0.5, 10000000)",n=10000000,5,"[2176141359, 2176464815, 2176075933]",1790529556.0,35.8106,1.5641,"np.add(x, y, out=_out)",78203574.0,79555837.0,https://github.com/AIcrowd/mechestim/blob/main/src/mechestim/random/__init__.py#L125,Sampling; cost = numel(output).
random.wald,Random,25.5555,29.1850,39.9706,0.8756,heavy,FALSE,39.9695,39.9737,0.0001,numel(output),10000000,"np.random.wald(1.0, 1.0, 10000000)",n=10000000,5,"[1998527906, 1998687295, 1998472907]",2321834435.0,46.4367,1.5641,"np.add(x, y, out=_out)",78203574.0,79555837.0,https://github.com/AIcrowd/mechestim/blob/main/src/mechestim/random/__init__.py#L139,Sampling; cost = numel(output).
random.rayleigh,Random,24.3409,15.9689,38.0709,1.5243,heavy,FALSE,38.0706,38.0716,0.0000,numel(output),10000000,"np.random.rayleigh(1.0, 10000000)",n=10000000,5,"[1903581048, 1903531376, 1903544506]",1270420921.0,25.4084,1.5641,"np.add(x, y, out=_out)",78203574.0,79555837.0,https://github.com/AIcrowd/mechestim/blob/main/src/mechestim/random/__init__.py#L128,Sampling; cost = numel(output).
random.laplace,Random,18.9009,13.9287,29.5624,1.3570,moderate,FALSE,29.5618,29.5631,0.0000,numel(output),10000000,"np.random.laplace(0.0, 1.0, 10000000)",n=10000000,5,"[1478154971, 1478088131, 1478115207]",1108110970.0,22.1622,1.5641,"np.add(x, y, out=_out)",78203574.0,79555837.0,https://github.com/AIcrowd/mechestim/blob/main/src/mechestim/random/__init__.py#L135,Sampling; cost = numel(output).
random.logistic,Random,18.8868,10.0316,29.5403,1.8827,moderate,FALSE,29.5395,29.5414,0.0000,numel(output),10000000,"np.random.logistic(0.0, 1.0, 10000000)",n=10000000,5,"[1477070872, 1476973445, 1477015962]",798072895.0,15.9615,1.5641,"np.add(x, y, out=_out)",78203574.0,79555837.0,https://github.com/AIcrowd/mechestim/blob/main/src/mechestim/random/__init__.py#L136,Sampling; cost = numel(output).
random.chisquare,Random,18.5817,9.7281,29.0631,1.9101,moderate,FALSE,29.0626,29.0640,0.0000,numel(output),10000000,"np.random.chisquare(2, 10000000)",n=10000000,5,"[1453152393, 1453197868, 1453129834]",773927954.0,15.4786,1.5641,"np.add(x, y, out=_out)",78203574.0,79555837.0,https://github.com/AIcrowd/mechestim/blob/main/src/mechestim/random/__init__.py#L141,Sampling; cost = numel(output).
random.binomial,Random,18.5410,25.2465,28.9994,0.7344,moderate,FALSE,28.9984,28.9997,0.0000,numel(output),10000000,"np.random.binomial(10, 0.5, 10000000)",n=10000000,5,"[1449970731, 1449920661, 1449987476]",2008508012.0,40.1702,1.5641,"np.add(x, y, out=_out)",78203574.0,79555837.0,https://github.com/AIcrowd/mechestim/blob/main/src/mechestim/random/__init__.py#L121,Sampling; cost = numel(output).
random.exponential,Random,17.9423,9.4763,28.0630,1.8934,moderate,FALSE,28.0626,28.0640,0.0000,numel(output),10000000,"np.random.exponential(1.0, 10000000)",n=10000000,5,"[1403152403, 1403197878, 1403129844]",753897549.0,15.0780,1.5641,"np.add(x, y, out=_out)",78203574.0,79555837.0,https://github.com/AIcrowd/mechestim/blob/main/src/mechestim/random/__init__.py#L119,Sampling; cost = numel(output).
random.standard_exponential,Random,17.3029,9.3248,27.0630,1.8556,moderate,FALSE,27.0626,27.0640,0.0000,numel(output),10000000,np.random.standard_exponential(10000000),n=10000000,5,"[1353152393, 1353197868, 1353129834]",741845563.0,14.8369,1.5641,"np.add(x, y, out=_out)",78203574.0,79555837.0,https://github.com/AIcrowd/mechestim/blob/main/src/mechestim/random/__init__.py#L117,Sampling; cost = numel(output).
random.standard_gamma,Random,17.3029,9.5067,27.0630,1.8201,moderate,FALSE,27.0626,27.0640,0.0000,numel(output),10000000,"np.random.standard_gamma(1.0, 10000000)",n=10000000,5,"[1353152403, 1353197878, 1353129844]",756310828.0,15.1262,1.5641,"np.add(x, y, out=_out)",78203574.0,79555837.0,https://github.com/AIcrowd/mechestim/blob/main/src/mechestim/random/__init__.py#L131,Sampling; cost = numel(output).
random.normal,Random,15.5409,13.6587,24.3071,1.1378,moderate,FALSE,24.3069,24.3078,0.0000,numel(output),10000000,"np.random.normal(0.0, 1.0, 10000000)",n=10000000,5,"[1215356846, 1215388740, 1215346023]",1086633267.0,21.7327,1.5641,"np.add(x, y, out=_out)",78203574.0,79555837.0,https://github.com/AIcrowd/mechestim/blob/main/src/mechestim/random/__init__.py#L113,Sampling; cost = numel(output).
random.standard_normal,Random,14.2622,12.6403,22.3071,1.1283,moderate,FALSE,22.3069,22.3078,0.0000,numel(output),10000000,np.random.standard_normal(10000000),n=10000000,5,"[1115356831, 1115388725, 1115346008]",1005613347.0,20.1123,1.5641,"np.add(x, y, out=_out)",78203574.0,79555837.0,https://github.com/AIcrowd/mechestim/blob/main/src/mechestim/random/__init__.py#L115,Sampling; cost = numel(output).
random.randn,Random,14.2622,12.6338,22.3071,1.1289,moderate,FALSE,22.3069,22.3078,0.0000,numel(output),10000000,np.random.randn(10000000),n=10000000,5,"[1115356831, 1115388725, 1115346008]",1005096451.0,20.1019,1.5641,"np.add(x, y, out=_out)",78203574.0,79555837.0,https://github.com/AIcrowd/mechestim/blob/main/src/mechestim/random/__init__.py#L106,Sampling; cost = numel(output).
random.triangular,Random,7.0330,10.1178,11.0001,0.6951,moderate,FALSE,11.0000,11.0001,0.0000,numel(output),10000000,"np.random.triangular(-1.0, 0.0, 1.0, 10000000)",n=10000000,5,"[550005786, 550006950, 549997794]",804931523.0,16.0986,1.5641,"np.add(x, y, out=_out)",78203574.0,79555837.0,https://github.com/AIcrowd/mechestim/blob/main/src/mechestim/random/__init__.py#L140,Sampling; cost = numel(output).
random.geometric,Random,3.8360,14.2922,5.9998,0.2684,moderate,FALSE,5.9995,5.9998,0.0000,numel(output),10000000,"np.random.geometric(0.5, 10000000)",n=10000000,5,"[299985105, 299972547, 299987681]",1137026208.0,22.7405,1.5641,"np.add(x, y, out=_out)",78203574.0,79555837.0,https://github.com/AIcrowd/mechestim/blob/main/src/mechestim/random/__init__.py#L122,Sampling; cost = numel(output).
random.uniform,Random,3.1969,4.0878,5.0002,0.7821,moderate,FALSE,5.0001,5.0001,0.0000,numel(output),10000000,"np.random.uniform(0.0, 1.0, 10000000)",n=10000000,5,"[250005619, 250005619, 250005619]",325205474.0,6.5041,1.5641,"np.add(x, y, out=_out)",78203574.0,79555837.0,https://github.com/AIcrowd/mechestim/blob/main/src/mechestim/random/__init__.py#L114,Sampling; cost = numel(output).
random.rand,Random,1.9181,3.7538,3.0000,0.5110,baseline,FALSE,3.0001,3.0001,0.0000,numel(output),10000000,np.random.rand(10000000),n=10000000,5,"[150005599, 150005599, 150005599]",298633026.0,5.9727,1.5641,"np.add(x, y, out=_out)",78203574.0,79555837.0,https://github.com/AIcrowd/mechestim/blob/main/src/mechestim/random/__init__.py#L105,Sampling; cost = numel(output).
random.random,Random,1.9181,3.7693,3.0000,0.5089,baseline,FALSE,3.0001,3.0001,0.0000,numel(output),10000000,np.random.random(10000000),n=10000000,5,"[150005599, 150005599, 150005599]",299867636.0,5.9974,1.5641,"np.add(x, y, out=_out)",78203574.0,79555837.0,https://github.com/AIcrowd/mechestim/blob/main/src/mechestim/random/__init__.py#L175,Sampling; cost = numel(output).
random.random_sample,Random,1.9181,3.7449,3.0000,0.5122,baseline,FALSE,3.0001,3.0001,0.0000,numel(output),10000000,np.random.random_sample(10000000),n=10000000,5,"[150005599, 150005599, 150005599]",297924686.0,5.9585,1.5641,"np.add(x, y, out=_out)",78203574.0,79555837.0,https://github.com/AIcrowd/mechestim/blob/main/src/mechestim/random/__init__.py#L176,Sampling; cost = numel(output).
random.shuffle,Random,0.2558,12.7233,0.4001,0.0201,negligible,FALSE,0.4001,0.4001,0.0000,numel(output),10000000,np.random.shuffle(x),n=10000000,5,"[20005598, 20005598, 20005598]",1012213756.0,20.2443,1.5641,"np.add(x, y, out=_out)",78203574.0,79555837.0,https://github.com/AIcrowd/mechestim/blob/main/src/mechestim/random/__init__.py#L209,Shuffle; cost = n*ceil(log2(n)).
random.permutation,Random,0.0001,12.9331,0.0002,0.0000,negligible,TRUE,0.0001,0.0001,0.0000,numel(output),10000000,np.random.permutation(10000000),n=10000000,5,"[5609, 5609, 5609]",1028907551.0,20.5782,1.5641,"np.add(x, y, out=_out)",78203574.0,79555837.0,https://github.com/AIcrowd/mechestim/blob/main/src/mechestim/random/__init__.py#L194,Shuffle; cost = n*ceil(log2(n)).
random.choice,Random,0.0001,3.7400,0.0002,0.0000,negligible,TRUE,0.0001,0.0001,0.0000,numel(output),10000000,"np.random.choice(_pool, 10000000)",n=10000000,5,"[5601, 5601, 5601]",297541141.0,5.9508,1.5641,"np.add(x, y, out=_out)",78203574.0,79555837.0,https://github.com/AIcrowd/mechestim/blob/main/src/mechestim/random/__init__.py#L233,"Sampling; cost = numel(output) if replace, n*ceil(log2(n)) if not."
random.randint,Random,0.0001,2.3966,0.0002,0.0000,negligible,TRUE,0.0001,0.0001,0.0000,numel(output),10000000,"np.random.randint(0, 1000, 10000000)",n=10000000,5,"[5599, 5599, 5599]",190662332.0,3.8132,1.5641,"np.add(x, y, out=_out)",78203574.0,79555837.0,https://github.com/AIcrowd/mechestim/blob/main/src/mechestim/random/__init__.py#L154,Sampling; cost = numel(output).
trace,Misc,384.9696,1.9840,602.1200,194.0371,extreme,FALSE,284.2692,602.1244,0.3699,"min(m, n)",1000,np.trace(A),n=1000 (1000x1000 matrix),5,"[1421346, 3010622, 3010600]",157840000.0,31568.0000,1.5641,"np.add(x, y, out=_out)",78203574.0,79555837.0,https://github.com/AIcrowd/mechestim/blob/main/src/mechestim/_counting_ops.py#L26,"Diagonal sum; cost = min(n,m)."
geomspace,Misc,48.5912,6.2891,76.0001,7.7263,heavy,FALSE,76.0002,76.0002,0.0000,n,10000000,"np.geomspace(1, 1000, 10000000)",n=10000000,5,"[3800007604, 3800007626, 3800007616]",500335141.0,10.0067,1.5641,"np.add(x, y, out=_out)",78203574.0,79555837.0,https://github.com/AIcrowd/mechestim/blob/main/src/mechestim/_counting_ops.py#L246,Geometric-spaced generation; cost = num.
logspace,Misc,47.9518,5.9446,75.0000,8.0664,heavy,FALSE,75.0001,75.0001,0.0000,n,10000000,"np.logspace(0, 10, 10000000)",n=10000000,5,"[3750004794, 3750004794, 3750004794]",472926542.0,9.4585,1.5641,"np.add(x, y, out=_out)",78203574.0,79555837.0,https://github.com/AIcrowd/mechestim/blob/main/src/mechestim/_counting_ops.py#L236,Log-spaced generation; cost = num.
unwrap,Misc,4.5198,20.0331,7.0693,0.2256,moderate,FALSE,6.2954,7.0987,0.0668,n,10000000,np.unwrap(x),n=10000000,5,"[314770874, 353465702, 354935730]",1593749618.0,31.8750,1.5641,"np.add(x, y, out=_out)",78203574.0,79555837.0,https://github.com/AIcrowd/mechestim/blob/main/src/mechestim/_unwrap.py#L40,Phase unwrap. Cost: $\text{numel}(\text{input})$ (diff + conditional adjustment).
trapezoid,Misc,2.9411,2.1355,4.6001,1.3772,moderate,FALSE,4.2823,4.6001,0.0408,n,10000000,_trapfn(x),n=10000000,5,"[214112709, 230005617, 230005595]",169895227.0,3.3979,1.5641,"np.add(x, y, out=_out)",78203574.0,79555837.0,https://github.com/AIcrowd/mechestim/blob/main/src/mechestim/_pointwise.py#L875,Integrate using the trapezoidal rule.
allclose,Misc,2.8132,5.6224,4.4000,0.5004,moderate,FALSE,3.9642,4.4001,0.0591,n,10000000,"np.allclose(a, b)",n=10000000,5,"[198210666, 220005667, 220005645]",447298242.0,8.9460,1.5641,"np.add(x, y, out=_out)",78203574.0,79555837.0,https://github.com/AIcrowd/mechestim/blob/main/src/mechestim/_counting_ops.py#L45,Element-wise tolerance check; cost = numel(a).
histogram_bin_edges,Misc,1.6637,0.5233,2.6021,3.1792,baseline,FALSE,2.2842,2.6021,0.0735,n,10000000,"np.histogram_bin_edges(x, bins=100)",n=10000000,5,"[114212439, 130105347, 130105325]",41628752.0,0.8326,1.5641,"np.add(x, y, out=_out)",78203574.0,79555837.0,https://github.com/AIcrowd/mechestim/blob/main/src/mechestim/_counting_ops.py#L207,Bin edge computation; cost = numel(a).
gradient,Misc,1.6624,2.6835,2.6001,0.6195,baseline,FALSE,2.2823,2.6001,0.0736,n,10000000,np.gradient(x),n=10000000,5,"[114112739, 130005647, 130005625]",213489622.0,4.2698,1.5641,"np.add(x, y, out=_out)",78203574.0,79555837.0,https://github.com/AIcrowd/mechestim/blob/main/src/mechestim/_pointwise.py#L775,Gradient using central differences.
cross,Misc,1.3428,4.2575,2.1002,0.3154,baseline,FALSE,1.7823,2.1002,0.0920,6 * n,6000000,"np.cross(a, b)",n=1000000,5,"[53469819, 63005633, 63005601]",338712008.33,11.2904,1.5641,"np.add(x, y, out=_out)",78203574.0,79555837.0,https://github.com/AIcrowd/mechestim/blob/main/src/mechestim/linalg/__init__.py#L72,Cross product of two 3-D vectors.
convolve,Misc,1.3004,0.0844,2.0339,15.4076,baseline,FALSE,2.0336,2.0339,0.0001,n * k,100000000,"np.convolve(x, k, mode='full')","n=100000, k=1000",5,"[1016805908, 1016966108, 1016966076]",6716463.9,0.0134,1.5641,"np.add(x, y, out=_out)",78203574.0,79555837.0,https://github.com/AIcrowd/mechestim/blob/main/src/mechestim/_pointwise.py#L809,1-D discrete convolution.
correlate,Misc,1.3004,0.0734,2.0339,17.7166,baseline,FALSE,2.0336,2.0339,0.0001,n * k,100000000,"np.correlate(x, k, mode='full')","n=100000, k=1000",5,"[1016805908, 1016966108, 1016966076]",5836524.9,0.0117,1.5641,"np.add(x, y, out=_out)",78203574.0,79555837.0,https://github.com/AIcrowd/mechestim/blob/main/src/mechestim/_pointwise.py#L829,1-D cross-correlation.
diff,Misc,1.0230,1.0673,1.6000,0.9585,baseline,FALSE,1.2823,1.6001,0.1228,n,10000000,np.diff(x),n=10000000,5,"[64112714, 80005622, 80005600]",84908335.0,1.6982,1.5641,"np.add(x, y, out=_out)",78203574.0,79555837.0,https://github.com/AIcrowd/mechestim/blob/main/src/mechestim/_pointwise.py#L759,n-th discrete difference along axis.
ediff1d,Misc,1.0230,1.0806,1.6000,0.9467,baseline,FALSE,1.2823,1.6001,0.1228,n,10000000,np.ediff1d(x),n=10000000,5,"[64112714, 80005622, 80005600]",85964634.0,1.7193,1.5641,"np.add(x, y, out=_out)",78203574.0,79555837.0,https://github.com/AIcrowd/mechestim/blob/main/src/mechestim/_pointwise.py#L789,Differences between consecutive elements.
array_equal,Misc,0.7673,0.6489,1.2001,1.1825,baseline,FALSE,0.5641,1.2001,0.3716,n,10000000,"np.array_equal(a, b)",n=10000000,5,"[28203574, 60005633, 60005601]",51621980.0,1.0324,1.5641,"np.add(x, y, out=_out)",78203574.0,79555837.0,https://github.com/AIcrowd/mechestim/blob/main/src/mechestim/_counting_ops.py#L60,Element-wise equality; cost = numel(a).
array_equiv,Misc,0.7673,0.6464,1.2001,1.1870,baseline,FALSE,0.5641,1.2001,0.3716,n,10000000,"np.array_equiv(a, b)",n=10000000,5,"[28203574, 60005633, 60005601]",51427347.0,1.0285,1.5641,"np.add(x, y, out=_out)",78203574.0,79555837.0,https://github.com/AIcrowd/mechestim/blob/main/src/mechestim/_counting_ops.py#L82,Element-wise equivalence; cost = numel(a).
vander,Misc,0.6375,1.8678,0.9971,0.3413,baseline,FALSE,0.9939,0.9971,0.0018,n * (degree - 1),990000,"np.vander(x, 100)","n=10000, degree=100",5,"[4920031, 4935622, 4935600]",148595121.21,30.0192,1.5641,"np.add(x, y, out=_out)",78203574.0,79555837.0,https://github.com/AIcrowd/mechestim/blob/main/src/mechestim/_counting_ops.py#L260,Vandermonde matrix; cost = len(x)*(N-1).
histogram,Misc,0.5117,1.1175,0.8003,0.4579,baseline,FALSE,0.7549,0.8003,0.0334,n * ceil(log2(bins)),70000000,"np.histogram(x, bins=100)","n=10000000, bins=100",5,"[264212444, 280105352, 280105330]",88906384.57,0.2540,1.5641,"np.add(x, y, out=_out)",78203574.0,79555837.0,https://github.com/AIcrowd/mechestim/blob/main/src/mechestim/_counting_ops.py#L106,Binning; cost = n*ceil(log2(bins)).
corrcoef,Misc,0.3317,0.0046,0.5188,72.1087,negligible,FALSE,0.5187,0.5189,0.0002,2 * f^2 * s,20000000000,np.corrcoef(x),"f=1000, s=10000",5,"[51871031354, 51886924262, 51886924240]",362685.14,0.0000,1.5641,"np.add(x, y, out=_out)",78203574.0,79555837.0,https://github.com/AIcrowd/mechestim/blob/main/src/mechestim/_pointwise.py#L847,Pearson correlation coefficients.
cov,Misc,0.3316,0.0045,0.5186,73.6889,negligible,FALSE,0.5185,0.5187,0.0002,2 * f^2 * s,20000000000,np.cov(x),"f=1000, s=10000",5,"[51851026354, 51866919262, 51866919240]",357904.73,0.0000,1.5641,"np.add(x, y, out=_out)",78203574.0,79555837.0,https://github.com/AIcrowd/mechestim/blob/main/src/mechestim/_pointwise.py#L862,Covariance matrix.
histogramdd,Misc,0.2771,4.3399,0.4334,0.0638,negligible,FALSE,0.3805,0.4334,0.0735,n * ndim * ceil(log2(bins)),18000000,"np.histogramdd(x, bins=50)","n=1000000, bins=50, ndim=3",5,"[34244998, 39009477, 39009455]",345267878.33,3.8363,1.5641,"np.add(x, y, out=_out)",78203574.0,79555837.0,https://github.com/AIcrowd/mechestim/blob/main/src/mechestim/_counting_ops.py#L189,ND binning; cost = n*sum(ceil(log2(b_i))).
histogram2d,Misc,0.2377,4.5042,0.3718,0.0528,negligible,FALSE,0.3263,0.3717,0.0736,n * 2 * ceil(log2(bins)),140000000,"np.histogram2d(x, y, bins=100)","n=10000000, bins=100",5,"[228404024, 260206083, 260206051]",358337743.86,0.5119,1.5641,"np.add(x, y, out=_out)",78203574.0,79555837.0,https://github.com/AIcrowd/mechestim/blob/main/src/mechestim/_counting_ops.py#L148,2D binning; cost = n*(ceil(log2(bx))+ceil(log2(by))).
interp,Misc,0.1652,4.1251,0.2584,0.0400,negligible,FALSE,0.2356,0.2583,0.0523,n * ceil(log2(xp)),140000000,"np.interp(x, xp, fp)","n=10000000, xp=10000",5,"[164948777, 180835276, 180835234]",328174596.64,0.4688,1.5641,"np.add(x, y, out=_out)",78203574.0,79555837.0,https://github.com/AIcrowd/mechestim/blob/main/src/mechestim/_pointwise.py#L900,1-D linear interpolation.
digitize,Misc,0.0548,3.8817,0.0857,0.0141,negligible,FALSE,0.0403,0.0857,0.3714,n * ceil(log2(bins)),70000000,"np.digitize(x, bins)","n=10000000, bins=100",5,"[14113115, 30006023, 30006001]",308810727.71,0.8823,1.5641,"np.add(x, y, out=_out)",78203574.0,79555837.0,https://github.com/AIcrowd/mechestim/blob/main/src/mechestim/_sorting_ops.py#L193,Bin search; cost = n*ceil(log2(bins)).
bincount,Misc,0.0001,0.9173,0.0002,0.0001,negligible,TRUE,0.0001,0.0001,0.0000,n,10000000,np.bincount(x),n=10000000,5,"[5599, 5599, 5599]",72974245.0,1.4595,1.5641,"np.add(x, y, out=_out)",78203574.0,79555837.0,https://github.com/AIcrowd/mechestim/blob/main/src/mechestim/_counting_ops.py#L221,Integer counting; cost = numel(x).
kaiser,Window,23.9400,25.5297,37.4439,0.9377,heavy,FALSE,37.4439,37.4439,0.0000,3*n,30000000,"np.kaiser(10000000, 14.0)",n=10000000,5,"[5616584999, 5616584999, 5616584999]",2031033651.0,13.5402,1.5641,"np.add(x, y, out=_out)",78203574.0,79555837.0,https://github.com/AIcrowd/mechestim/blob/main/src/mechestim/_window.py#L155,Kaiser window. Cost: 3*n (Bessel function eval per sample).
hamming,Window,21.9790,7.8423,34.3767,2.8026,heavy,FALSE,34.3767,34.3767,0.0000,n,10000000,np.hamming(10000000),n=10000000,5,"[1718835084, 1718835084, 1718835084]",623903333.0,12.4781,1.5641,"np.add(x, y, out=_out)",78203574.0,79555837.0,https://github.com/AIcrowd/mechestim/blob/main/src/mechestim/_window.py#L95,Hamming window. Cost: n (one cosine per sample).
hanning,Window,21.9790,7.8557,34.3767,2.7978,heavy,FALSE,34.3767,34.3767,0.0000,n,10000000,np.hanning(10000000),n=10000000,5,"[1718835084, 1718835084, 1718835084]",624967207.0,12.4993,1.5641,"np.add(x, y, out=_out)",78203574.0,79555837.0,https://github.com/AIcrowd/mechestim/blob/main/src/mechestim/_window.py#L125,Hanning window. Cost: n (one cosine per sample).
blackman,Window,15.4946,5.3931,24.2347,2.8730,moderate,FALSE,24.2347,24.2347,0.0000,3*n,30000000,np.blackman(10000000),n=10000000,5,"[3635202114, 3635202114, 3635202114]",429051340.0,2.8603,1.5641,"np.add(x, y, out=_out)",78203574.0,79555837.0,https://github.com/AIcrowd/mechestim/blob/main/src/mechestim/_window.py#L65,Blackman window. Cost: 3*n (three cosine terms per sample).
bartlett,Window,3.8362,6.2418,6.0001,0.6146,moderate,FALSE,6.0001,6.0001,0.0000,n,10000000,np.bartlett(10000000),n=10000000,5,"[300004809, 300004809, 300004809]",496568795.0,9.9314,1.5641,"np.add(x, y, out=_out)",78203574.0,79555837.0,https://github.com/AIcrowd/mechestim/blob/main/src/mechestim/_window.py#L35,Bartlett window. Cost: n (one linear eval per sample).
